<integration xmlns:xsi="http://www.w3.org/2001/XMLSchema-instance"
             xsi:noNamespaceSchemaLocation="http://schemas.hp.com/ucmdb/1/pushAdapter">
    <info>
        <source name="UCMDB" version="10.20" vendor="Micro Focus"/>
        <target name="AssetManager" version="9.41" vendor="Micro Focus"/>
    </info>
    <import>
        <scriptFile path="mappings.scripts.AMPush"/>
    </import>
    <target_entities>
        <source_instance query-name="AM Software Utilization Push*" root-element-name="Root">

            <dynamic_mapping name="BarCodeByVersionId" keys-unique="true">
                <map_property property-name="AQLQuery" datatype="STRING" property-value="SELECT InventoryKey, ModelParent.BarCode FROM amInventModel WHERE (ModelParent.BarCode = 'BTO-OM-Non-Tier-Inst') OR (ModelParent.BarCode = 'BTO-OM-Tier-Inst')"/>
            </dynamic_mapping>
            <dynamic_mapping name="BarCodeByCategoryId" keys-unique="true">
                <map_property property-name="AQLQuery" datatype="STRING" property-value="SELECT UnspscKey, Model.BarCode FROM amProdClassCode WHERE lModelId &lt;&gt; 0"/>
            </dynamic_mapping>
            <dynamic_mapping name="ModelIdByBarCode" keys-unique="true">
                <map_property property-name="AQLQuery" datatype="STRING" property-value="SELECT BarCode, lModelId FROM amModel WHERE BarCode='sysUNKNOWN_SOFT'"/>
            </dynamic_mapping>
            <dynamic_mapping name="TenantIdByCode" keys-unique="true">
                <map_property property-name="AQLQuery" datatype="STRING" property-value="SELECT Code, lTenantId FROM amTenant"/>
            </dynamic_mapping>

            <target_entity name="SoftwareInstallation" type="'Complete_amSoftInstall_User'">
                <variable name="vTenantId" datatype="INTEGER" value="AMPush.getAMTenantID(DynamicMapHolder, Root['TenantOwner'])"/>
                <variable name="vGlobalId" datatype="STRING" value="Root.Installed_Software[0]['global_id']"/>
                <variable name="parentBarCode" datatype="STRING" value="AMPush.getSoftwareBarCode(DynamicMapHolder, Root.Installed_Software[0]['sai_version_id'], Root.Installed_Software[0]['software_category_id'])"/>
                <variable name="brandName" datatype="STRING" value="AMPush.getBrandName(Root.Installed_Software[0]['vendor'], Root.Installed_Software[0]['discovered_vendor'])"/>
                <variable name="vInventoryKey" datatype="STRING" value="'PDI|' + Root.Installed_Software[0]['sai_version_id']"/>
                <variable name="vUnknownModelId" datatype="STRING" value="AMPush.getModelIdByBarCode(DynamicMapHolder, 'sysUNKNOWN_SOFT')"/>
                <variable name="vSWName" datatype="STRING" value="AMPush.getFirstNotEmpty(Root.Installed_Software[0]['dml_product_name'], Root.Installed_Software[0]['name'])"/>
                <variable name="vVersion" datatype="STRING" value="AMPush.fIsEmpty(Root.Installed_Software[0]['version']) ? '': Root.Installed_Software[0]['version']"/>
                <variable name="vBrandName" datatype="STRING" value="AMPush.getFirstNotEmpty(Root.Installed_Software[0]['vendor'], Root.Installed_Software[0]['discovered_vendor'])"/>
                <variable name="vInventoryKeyValid" datatype="BOOLEAN" value="AMPush.fIsSAIValid(Root.Installed_Software[0]['sai_version_id'])"/>
                <variable name="vFolder" datatype="STRING" value="Root.Installed_Software[0]['file_system_path']"/>
                <variable datatype="STRING" name="vParentId" value="AMPush.getAMPrimaryID(Root.Installed_Software[0].Node[0]['external_id_obj'])"/>
                <variable name="vSWNameUsage" datatype="STRING" value="AMPush.getFirstNotEmpty(Root.Installed_Software[0]['dml_product_name'], Root.Installed_Software[0]['name'])"/>
                <variable name="vVersionUsage" datatype="STRING" value="AMPush.fIsEmpty(Root.Installed_Software[0]['version']) ? '': Root.Installed_Software[0]['version']"/>
                <variable name="vBrandNameUsage" datatype="STRING" value="AMPush.getFirstNotEmpty(Root.Installed_Software[0]['vendor'], Root.Installed_Software[0]['discovered_vendor'])"/>
                <variable name="vInventoryKeyValidUsage" datatype="BOOLEAN" value="AMPush.fIsSAIValid(Root.Installed_Software[0]['sai_version_id'])"/>
                <variable name="vFolderUsage" datatype="STRING" value="Root.Installed_Software[0]['file_system_path']"/>
                <variable datatype="STRING" name="vParentIdUsage" value="AMPush.getAMPrimaryID(Root.Installed_Software[0].Node[0]['external_id_obj'])"/>
                <variable name="vInventoryKeyUsage" datatype="STRING" value="'PDI|' + Root.Installed_Software[0]['sai_version_id']"/>
                <variable name="vUserDomain" datatype="STRING" value="AMPush.getDomainName(Root['user_name'])"/>
                <variable name="vUserName" datatype="STRING" value="AMPush.getUserName(Root['user_name'])"/>

                <target_mapping name="lTenantId" datatype="INTEGER" ignore-on-null="true" is-valid="AMPush.ENABLE_PUSH_MT" value="vTenantId"/>
                <target_mapping name="GlobalId" datatype="STRING" is-valid="AMPush.isMatchVersion('9.32', null)" value="Root['global_id']"/>
                <target_mapping name="bMissing" datatype="BOOLEAN" value="0"/>
                <target_mapping name="bCompact" datatype="BOOLEAN" value="1"/>
                <target_mapping name="bSuiteComponent" datatype="BOOLEAN" value="Root.Installed_Software[0]['is_suite_component']"/>
                <target_mapping name="dtInvent" datatype="DATE" value="Root.Installed_Software[0].Node[0].InventoryScanner[0]['startup_time']"/>
                <target_mapping name="Field1" datatype="STRING" value="vVersionUsage"/>
                <target_mapping name="Folder" datatype="STRING" value="vFolderUsage"/>
                <target_mapping name="seType" datatype="INTEGER" value="1"/>
                <target_mapping name="TechnicalInfo" datatype="STRING" value="vSWNameUsage + '-' + vVersionUsage "/>
                <target_mapping name="VersionLevel" datatype="STRING" value="vVersionUsage"/>

                <!--Will be replaced in connector by actual Model ID-->
                <target_mapping name="lModelId" datatype="INTEGER" value="-1"/>

                <!-- Usage and In Focus data -->
                <target_mapping name="dtLastUse" datatype="DATE" value="Root['usage_last_used']"/>
                <target_mapping name="dtLastInFocus" datatype="DATE" value="Root['infocus_usage_last_used']"/>

                <target_mapping name="dPeakUtilization" datatype="DOUBLE" value="Root['usage_hours_last_year_daily_peak']"/>
                <target_mapping name="dPeakIFUtilization" datatype="DOUBLE" value="Root['infocus_usage_hours_last_year_daily_peak']"/>

                <target_mapping name="dUtilization" datatype="DOUBLE" value="Root['usage_percent']"/>
                <target_mapping name="dUtilizationIF" datatype="DOUBLE" value="Root['infocus_usage_percent']"/>

                <target_mapping name="dMonthlyIFUsageD" datatype="DOUBLE" value="Root['infocus_usage_days_last_month']"/>
                <target_mapping name="dMonthyIFUsageH" datatype="DOUBLE" value="Root['infocus_usage_hours_last_month']"/>
                <target_mapping name="dQuarterlyIFUsageD" datatype="DOUBLE" value="Root['infocus_usage_days_last_quarter']"/>
                <target_mapping name="dQuarterlyIFUsageH" datatype="DOUBLE" value="Root['infocus_usage_hours_last_quarter']"/>
                <target_mapping name="dYearlyIFUsageD" datatype="DOUBLE" value="Root['infocus_usage_days_last_year']"/>
                <target_mapping name="dYearlyIFUsageH" datatype="DOUBLE" value="Root['infocus_usage_hours_last_year']"/>

                <target_mapping name="dMonthlyUsageD" datatype="DOUBLE" value="Root['usage_days_last_month']"/>
                <target_mapping name="dMonthyUsageH" datatype="DOUBLE" value="Root['usage_hours_last_month']"/>
                <target_mapping name="dQuarterlyUsageD" datatype="DOUBLE" value="Root['usage_days_last_quarter']"/>
                <target_mapping name="dQuarterlyUsageH" datatype="DOUBLE" value="Root['usage_hours_last_quarter']"/>
                <target_mapping name="dYearlyUsageD" datatype="DOUBLE" value="Root['usage_days_last_year']"/>
                <target_mapping name="dYearlyUsageH" datatype="DOUBLE" value="Root['usage_hours_last_year']"/>

                <target_entity name="PortfolioItem" type="'Complete_amPortfolio'">
                    <variable datatype="STRING" name="vCompId" value="AMPush.getAMPrimaryID(Root.Installed_Software[0].Node[0]['external_id_obj'])"/>
                </target_entity>
                <target_entity name="InventModel" type="'Complete_amInventModel'">
                    <variable name="vInventoryKeyValid" datatype="BOOLEAN" value="AMPush.fIsSAIValid(Root.Installed_Software[0]['sai_version_id'])"/>
                    <target_mapping name="bCreatedOnTheFly" datatype="BOOLEAN" value="1"/>
                    <target_mapping name="BrandName" datatype="STRING" value="vBrandNameUsage"/>
                    <target_mapping name="InventoryKey" datatype="STRING" value="vInventoryKeyUsage"/>
                    <target_mapping name="InventoryName" datatype="STRING" value="vSWNameUsage"/>
                    <target_mapping name="Version" datatype="STRING" value="vVersionUsage"/>
                    <target_mapping name="bResolved" datatype="BOOLEAN" value="true"/>
                    <target_mapping name="lModelTmpId" datatype="STRING" value="vUnknownModelId"/>
                    <target_entity name="ModelFinal" type="'Complete_amModel'">
                        <target_mapping name="bCompact" datatype="BOOLEAN" value="1"/>
                        <target_mapping name="Name" datatype="STRING" value="AMPush.toSmart(AMPush.getNormalizedModelName(vSWNameUsage, vVersionUsage))"/>
                        <target_mapping name="VersionLevel" datatype="STRING" value="vVersionUsage"/>
                        <target_entity name="Brand" type="'Complete_amBrand'">
                            <target_mapping name="Name" datatype="STRING" value="brandName"/>
                        </target_entity>
                        <target_entity name="Nature" type="'Complete_amNature'">
                            <target_mapping name="Code" datatype="STRING" value="'SOFT_INSTALL'"/>
                        </target_entity>
                        <target_entity name="Parent" type="'Complete_amModel-Parent'">
                            <target_mapping name="BarCode" datatype="STRING" value="parentBarCode"/>
                        </target_entity>
                    </target_entity>
                </target_entity>

                <target_entity name="User" type="'Complete_amEmplDept'">
                    <target_mapping name="UserDomain" datatype="STRING" value="vUserDomain"/>
                    <target_mapping name="UserName" datatype="STRING" value="vUserName"/>
                </target_entity>
            </target_entity>

        </source_instance>
    </target_entities>
</integration>