<?xml version="1.0" encoding="UTF-8" standalone="yes"?>
<integration>
    <info>
        <source name="AM" vendor="Micro Focus" version="9.41"/>
        <target name="UCMDB" vendor="Micro Focus" version="10.20"/>
    </info>
    <import>
        <scriptFile path="mappings.scripts.AMPopulate"/>
    </import>
    <target_entities>
        <source_instance root-element-name="ITEquipment" query-name="AM Federation Cpu_Node*">
            <target_entity name="Cpu">
                <target_mapping datatype="STRING" name="name" value="ITEquipment['Name']"/>
                <target_mapping datatype="INTEGER" name="core_number" value="ITEquipment['lCPUCoreNumber']"/>
                <target_mapping datatype="STRING" name="cpu_id" value="ITEquipment['lComputerId']"/>
                <target_mapping datatype="STRING" name="cpu_speed" value="ITEquipment['lCPUSpeedMHz']"/>
                <target_mapping datatype="LONG" name="cpu_clock_speed" value="ITEquipment['lCPUSpeedMHz']"/>
            </target_entity>
            <target_entity name="Node">
                <target_mapping datatype="STRING" name="global_id" value="ITEquipment.Portfolio[0]['CMDBId']"/>
            </target_entity>
        </source_instance>
    </target_entities>
</integration>
