<?xml version="1.0" encoding="UTF-8"?>
<integration xmlns:xsi="http://www.w3.org/2001/XMLSchema-instance" xsi:noNamespaceSchemaLocation="../../../../../../xsd/generic-adapter.xsd">
    <!-- add scheme reference -->
    <info>
        <source name="AM" version="9.41" vendor="Micro Focus"/>
        <target name="UCMDB" version="10.20" vendor="Micro Focus"/>
    </info>
    <import>
        <scriptFile path="mappings.scripts.AMPopulate"/>
    </import>
    <target_entities>
        <!--Cpu data -->
        <source_instance query-name="AM Federation Cpu*" root-element-name="ITEquipment">
            <target_entity name="Cpu">
                <target_mapping datatype="STRING" name="name" value="ITEquipment['Name']"/>
                <target_mapping datatype="INTEGER" name="core_number" value="ITEquipment['lCPUCoreNumber']"/>
                <target_mapping datatype="STRING" name="cpu_id" value="ITEquipment['lComputerId']"/>
                <target_mapping datatype="STRING" name="cpu_speed" value="ITEquipment['lCPUSpeedMHz']"/>
                <target_mapping datatype="LONG" name="cpu_clock_speed" value="ITEquipment['lCPUSpeedMHz']"/>
            </target_entity>
        </source_instance>
    </target_entities>

</integration>