<integration xmlns:xsi="http://www.w3.org/2001/XMLSchema-instance" xsi:noNamespaceSchemaLocation="http://schemas.hp.com/ucmdb/1/pushAdapter">
    <info>
        <source name="UCMDB" version="10.20" vendor="Micro Focus"/>
        <target name="AssetManager" version="9.41" vendor="Micro Focus"/>
    </info>
    <import>
        <scriptFile path="mappings.scripts.AMPush"/>
    </import>
    <target_entities>
        <source_instance query-name="AM Cluster Runningsoftware Push*" root-element-name="Root">
            <dynamic_mapping name="TenantIdByCode" keys-unique="true">
                <map_property property-name="AQLQuery" datatype="STRING" property-value="SELECT Code, lTenantId FROM amTenant"/>
            </dynamic_mapping>
            <target_entity name="MonitoredApplication" type="'Cluster_amMonitoredApp'">
				<variable datatype="INTEGER" name="vTenantId" value="AMPush.getAMTenantID(DynamicMapHolder, Root['TenantOwner'])"/>
				
				<target_mapping name="lTenantId" datatype="INTEGER" ignore-on-null="true" is-valid="AMPush.ENABLE_PUSH_MT" value="vTenantId" />
                <target_mapping name="GlobalId" datatype="STRING" value="Root['global_id']"/>
                <target_mapping name="InstanceName" datatype="STRING" value="Root['name']"/>
                <target_mapping name="ServerInCluster" datatype="STRING" value="Root['root_container_name']"/>
                <target_mapping name="Version" datatype="STRING" value="Root['version']"/>
                <target_mapping name="bMissing" datatype="BOOLEAN" value="0"/>
                <target_mapping name="Description" datatype="STRING" value="AMPush.getFirstNotEmpty(Root['description'], Root['display_label'])"/>
                <target_mapping name="dtCreate" datatype="DATE" value="Root['create_time']"/>
                <target_mapping name="dtLastAccess" datatype="DATE" value="Root['root_lastaccesstime']"/>
                <target_mapping name="Language" datatype="STRING" value="Root['language']"/>
                <target_mapping name="Folder" datatype="STRING" value="Root['application_path']"/>
                <target_mapping name="Classification" datatype="STRING" value="Root['classification']"/>
                <target_mapping name="dtStartUp" datatype="DATE" value="Root['startup_time']"/>
				<target_mapping name="Role" datatype="STRING" value="Root['database_role']"/>

                <target_entity name="Model" type="'Cluster_MonitoredApp_amModel'">
                    <target_mapping name="bCompact" datatype="BOOLEAN" value="1"/>
                    <target_mapping name="Name" datatype="STRING" value="AMPush.toSmart(Root['application_version'])"/>
                    <target_mapping name="VersionLevel" datatype="STRING" value="Root['version']"/>
                    <target_entity name="Brand" type="'Cluster_MonitoredApp_amBrand'">
                        <target_mapping name="Name" datatype="STRING" value="Root['vendor']"/>
                    </target_entity>
                    <target_entity name="Nature" type="'Cluster_MonitoredApp_amNature'">
                        <target_mapping name="Code" datatype="STRING" value="'SOFT_MONAPP'"/>
                    </target_entity>
                    <target_entity name="Parent" type="'Cluster_MonitoredApp_amModel-Parent'">
                        <target_mapping name="BarCode" datatype="STRING" value="'SOFTMA'"/>
                    </target_entity>
                </target_entity>
                <target_entity name="MonParentPortfolio" type="'Mon_amPortfolio'">
                    <variable datatype="STRING" name="vCompId" value="AMPush.getAMPrimaryID(Root.Node[0]['external_id_obj'])"/>
                </target_entity>
            </target_entity>
        </source_instance>
    </target_entities>
</integration>

