<integration xmlns:xsi="http://www.w3.org/2001/XMLSchema-instance" xsi:noNamespaceSchemaLocation="../newGenericPush.xsd">
    <info>
        <source name="UCMDB" version="10.20" vendor="Micro Focus"/>
        <target name="AssetManager" version="9.41" vendor="Micro Focus"/>
    </info>
    <import>
        <scriptFile path="mappings.scripts.AMPush"/>
    </import>
    <target_entities>
        <source_instance query-name="AM Cluster Runningsoftware Relations Push*" root-element-name="Root">
            <dynamic_mapping name="TenantIdByCode" keys-unique="true">
                <map_property property-name="AQLQuery" datatype="STRING" property-value="SELECT Code, lTenantId FROM amTenant"/>
            </dynamic_mapping>
            <target_entity name="ClusterComponent" type="'Runningsoftware_amClusterComponent'">
                <variable name="vTenantId" datatype="INTEGER" value="AMPush.getAMTenantID(DynamicMapHolder, Root.Cluster[0]['TenantOwner'])"/>
                <variable name="vEnd1CompId" datatype="STRING" value="AMPush.getEnd1ExternalId(OutputCI.getExternalId())"/>
                <variable name="vEnd2CompId" datatype="STRING" value="AMPush.getEnd2ExternalId(OutputCI.getExternalId())"/>

                <variable name="globalId" datatype="STRING" value="Root['global_id']"/>
                <target_mapping name="lTenantId" datatype="INTEGER" ignore-on-null="true" is-valid="AMPush.ENABLE_PUSH_MT" value="vTenantId"/>
                <target_mapping name="GlobalId" datatype="STRING" ignore-on-null="true" is-valid="AMPush.useGlobalId()" value="globalId"/>
                <target_mapping name="bActived" datatype="BOOLEAN" value="1"/>
                <target_mapping name="seComponentRole" datatype="INTEGER" value="AMPush.getClusterCompRole(Root.RunningSoftware[0]['database_role'])"/>

                <target_entity name="Cluster" type="'RS_ClusterComponent-amCluster'">
                    <variable name="vEnd1Id" datatype="STRING" value="vEnd1CompId"/>
                    <target_mapping name="seSoftTable" datatype="INTEGER" value="1"/>
                </target_entity>

                <target_entity name="SoftRunningComponent" type="'RS_ClusterComponent-amMonitoredApp'">
                    <variable name="vEnd2Id" datatype="STRING" value="vEnd2CompId"/>
                </target_entity>
            </target_entity>
        </source_instance>
    </target_entities>
</integration>