<integration xmlns:xsi="http://www.w3.org/2001/XMLSchema-instance" xsi:noNamespaceSchemaLocation="../newGenericPush.xsd">
    <info>
        <source name="UCMDB" version="10.20" vendor="Micro Focus"/>
        <target name="AssetManager" version="9.41" vendor="Micro Focus"/>
    </info>
    <import>
        <scriptFile path="mappings.scripts.AMPush"/>
    </import>
    <target_entities>
        <!-- TQL:  E1 (Server) ==CompoundLink==> E2(VM_Machine)-->
        <source_instance query-name="AM Host Server And Running LPAR VM Relations Push*" root-element-name="Root">
            <dynamic_mapping name="TenantIdByCode" keys-unique="true">
                <map_property property-name="AQLQuery" datatype="STRING" property-value="SELECT Code, lTenantId FROM amTenant"/>
            </dynamic_mapping>
            <target_entity name="Client_Resource_Relationship" type="'VM_ESX_amClientResource'">
                <variable name="vTenantId" datatype="INTEGER" value="AMPush.getAMTenantID(DynamicMapHolder, Root.Host[0]['TenantOwner'])"/>
                <variable name="vEnd1CompId" datatype="STRING" value="AMPush.getEnd1ExternalId(OutputCI.getExternalId())"/>
                <variable name="vEnd2CompId" datatype="STRING" value="AMPush.getEnd2ExternalId(OutputCI.getExternalId())"/>
                <!--after-mapping>Logger.debug('vEnd1CompId: ' + vEnd1CompId); Logger.debug('vEnd2CompId: '+vEnd2CompId); </after-mapping-->
                <target_mapping name="lTenantId" datatype="INTEGER" ignore-on-null="true" is-valid="AMPush.ENABLE_PUSH_MT" value="vTenantId"/>
                <target_entity name="Client" type="'VM_ESX_amPortfolio-Client'">
                    <variable name="vEnd2Id" datatype="STRING" value="vEnd2CompId"/>
                    <!-- Because we want to do an attribute reconciliation from end1, we are adding it to the tree-->
                    <target_entity name="Parent" type="'VM_ESX_amPortfolio-Resource'">
                        <variable name="vEnd1Id" datatype="STRING" value="vEnd1CompId"/>
                    </target_entity>
                </target_entity>

                <target_entity name="CRSystem" type="'VM_ESX_amCRSystem'">
                    <target_mapping name="lTenantId" datatype="INTEGER" ignore-on-null="true" is-valid="AMPush.ENABLE_PUSH_MT" value="vTenantId"/>
                    <target_mapping name="AssetTag" datatype="STRING" value="vEnd1CompId + 'AIXLparBiz'"/>
                    <target_entity name="Model" type="'VM_ESX_amModel'">
                        <target_mapping name="BarCode" datatype="STRING" value="'AIXLPARBIZ'"/>
                        <target_mapping name="Name" datatype="STRING" value="'BIZSVC_AIX_LPAR'"/>
                        <target_entity name="Nature" type="'VM_ESX_amNature'">
                            <target_mapping name="Code" datatype="STRING" value="'BIZSVC'"/>
                        </target_entity>
                        <target_entity name="Parent" type="'VM_ESX_amModel-Parent'">
                            <target_mapping name="BarCode" datatype="STRING" value="'SIVM'"/>
                        </target_entity>
                    </target_entity>
                </target_entity>

                <target_entity name="CRType" type="'VM_ESX_CRType'">
                    <target_mapping name="Code" datatype="STRING" value="'ManagesVm'"/>
                </target_entity>
                <target_entity name="Resource" type="'VM_ESX_amPortfolio-Resource'">
                    <variable name="vEnd1Id" datatype="STRING" value="vEnd1CompId"/>
                </target_entity>
            </target_entity>

            <target_entity name="Client_Resource_Relationship" type="'VEM_amClientResource'">

                <variable name="vEnd1CompId" datatype="STRING" value="AMPush.getEnd1ExternalId(OutputCI.getExternalId())"/>
                <variable name="vEnd2CompId" datatype="STRING" value="AMPush.getEnd2ExternalId(OutputCI.getExternalId())"/>
                <!--after-mapping>Logger.debug('vEnd1CompId: ' + vEnd1CompId); Logger.debug('vEnd2CompId: '+vEnd2CompId); </after-mapping-->

                <target_mapping name="lTenantId" datatype="INTEGER" ignore-on-null="true" is-valid="AMPush.ENABLE_PUSH_MT" value="vTenantId"/>
                <target_entity name="Client" type="'VEM_amPortfolio-Client'">
                    <variable name="vEnd1Id" datatype="STRING" value="vEnd1CompId"/>
                </target_entity>

                <target_entity name="CRSystem" type="'VEM_CRSystem'">
                    <target_mapping name="lTenantId" datatype="INTEGER" ignore-on-null="true" is-valid="AMPush.ENABLE_PUSH_MT" value="vTenantId"/>
                    <target_mapping name="AssetTag" datatype="STRING" value="vEnd2CompId + '_' + 'VEMServerBiz'"/>
                    <target_entity name="Model" type="'VEM_amModel'">
                        <target_mapping name="BarCode" datatype="STRING" value="AMPush.VEM_SERVER_BARCODE"/>
                        <target_mapping name="Name" datatype="STRING" value="AMPush.BIZSVC_VEM_SERVER"/>
                        <target_entity name="Nature" type="'VEM_amNature'">
                            <target_mapping name="Code" datatype="STRING" value="AMPush.BIZSVC_CODE"/>
                        </target_entity>
                        <target_entity name="Parent" type="'VEM_Parent_amModel'">
                            <target_mapping name="BarCode" datatype="STRING" value="'SIVM'"/>
                        </target_entity>
                    </target_entity>
                </target_entity>

                <target_entity name="CRType" type="'VEM_CRType'">
                    <target_mapping name="Code" datatype="STRING" value="'ManagesVmHost'"/>
                </target_entity>
                <target_entity name="Resource" type="'VEM_amPortfolio-Resource'">
                    <variable name="vEnd2Id" datatype="STRING" value="vEnd2CompId"/>
                </target_entity>
            </target_entity>
        </source_instance>

    </target_entities>
</integration>
