<integration xmlns:xsi="http://www.w3.org/2001/XMLSchema-instance" xsi:noNamespaceSchemaLocation="../newGenericPush.xsd">
    <info>
        <source name="UCMDB" version="10.20" vendor="Micro Focus"/>
        <target name="AssetManager" version="9.41" vendor="Micro Focus"/>
    </info>
    <import>
        <scriptFile path="mappings.scripts.AMPush"/>
    </import>
    <target_entities>
        <!-- Query: Node(Root)(1..*) => (1..*)Node-->
        <source_instance query-name="AM Net Device Relations Push*" root-element-name="Root">
            <dynamic_mapping name="TenantIdByCode" keys-unique="true">
                <map_property property-name="AQLQuery" datatype="STRING" property-value="SELECT Code, lTenantId FROM amTenant"/>
            </dynamic_mapping>
            <target_entity name="Client_Resource_Relationship" type="'net_dev_conn_amClientResource'">
                <variable name="vTenantId" datatype="INTEGER" value="AMPush.getAMTenantID(DynamicMapHolder, Root.NetDevice[0]['TenantOwner'])"/>
                <variable name="vEnd1CompId" datatype="STRING" value="AMPush.getEnd1ExternalId(OutputCI.getExternalId())"/>
                <variable name="vEnd2CompId" datatype="STRING" value="AMPush.getEnd2ExternalId(OutputCI.getExternalId())"/>
                <!--after-mapping>Logger.debug('vEnd1CompId: ' + vEnd1CompId); Logger.debug('vEnd2CompId: '+vEnd2CompId); </after-mapping-->
                <target_mapping name="lTenantId" datatype="INTEGER" ignore-on-null="true" is-valid="AMPush.ENABLE_PUSH_MT" value="vTenantId"/>
                <target_entity name="Client" type="'net_dev_conn_amPortfolio-Client'">
                    <variable name="vEnd1Id" datatype="STRING" value="vEnd1CompId"/>
                </target_entity>
                <target_entity name="CRSystem" type="'net_dev_conn_amAsset-CRSystem'">
                    <target_mapping name="lTenantId" datatype="INTEGER" ignore-on-null="true" is-valid="AMPush.ENABLE_PUSH_MT" value="vTenantId"/>
                    <target_mapping name="AssetTag" datatype="STRING" value="AMPush.BIZSVC_NETWORK_SYSTEM"/>
                    <target_entity name="Model" type="'net_dev_connA_amModel'">
                        <target_mapping name="BarCode" datatype="STRING" value="'NETWORK-BIZSVC'"/>
                        <target_mapping name="Name" datatype="STRING" value="AMPush.BIZSVC_NETWORK_MODEL"/>
                        <target_entity name="Nature" type="'net_dev_connA_amNature'">
                            <target_mapping name="Code" datatype="STRING" value="'BIZSVC'"/>
                        </target_entity>
                    </target_entity>
                </target_entity>

                <target_entity name="CRType" type="'net_dev_conn_CRType'">
                    <target_mapping name="bResourceUnicity" datatype="BOOLEAN" value="0"/>
                    <target_mapping name="Code" datatype="STRING" value="'NetworkProvider'"/>
                    <target_mapping name="Name" datatype="STRING" value="AMPush.BIZSVC_NETWORK_TYPE_CPUND"/>
                </target_entity>
                <target_entity name="Resource" type="'net_dev_conn_amPortfolio-Resource'">
                    <variable name="vEnd2Id" datatype="STRING" value="vEnd2CompId"/>
                </target_entity>
            </target_entity>
        </source_instance>
    </target_entities>
</integration>