<?xml version="1.0" encoding="UTF-8" standalone="yes"?>
<integration>
    <info>
        <source name="UCMDB" version="10.20" vendor="Micro Focus"/>
        <target name="AssetManager" version="9.41" vendor="Micro Focus"/>
    </info>
    <import>
        <scriptFile path="mappings.scripts.AMPush"/>
    </import>
    <target_entities>
        <source_instance root-element-name="Root" query-name="AM Node Push*">
            <dynamic_mapping name="TenantIdByCode" keys-unique="true">
                <map_property property-name="AQLQuery" datatype="STRING" property-value="SELECT Code, lTenantId FROM amTenant"/>
            </dynamic_mapping>
            <target_entity name="ITEquipment">
                <variable datatype="INTEGER" name="vTenantId" value="AMPush.getAMTenantID(DynamicMapHolder, Root['TenantOwner'])"/>
                <variable datatype="BOOLEAN" name="iIsLPARVPAR" value="(AMPush.isLparVpar(Root['root_class']) || AMPush.isLparVpar(Root.VMWare_Host_Resource[0]['root_class']))"/>
                <variable datatype="BOOLEAN" name="iIsComputerAVM" value="(Root['host_isvirtual']==null) ? false : Root['host_isvirtual']"/>
                <variable datatype="STRING" name="ucmdbId" value="Root['cmdb_id']"/>
                <variable datatype="STRING" name="globalId" value="Root['global_id']"/>
                <variable datatype="STRING" name="vAssetTag" value="AMPush.validateAndRetrieveSingleUCaseAsset(Root.Asset*.getAt('asset_tag'))"/>
                <variable datatype="STRING" name="vComputerName" value="AMPush.getFirstNotEmpty(Root['name'], Root['snmp_sys_name'], Root['primary_dns_name'],Root['net_bios_name'])"/>
                <variable datatype="STRING" name="vWorkGroup" value="AMPush.checkWindows(Root['nt_workgroup'],Root['primary_dns_name'],ClassModel,Root['os_family'])"/>
                <variable datatype="DATE" name="vDtHardScan" value="AMPush.getLowestValue(Root.InventoryScanner*.getAt('startup_time'))"/>
                <variable datatype="DATE" name="vDtLastScan" value="Root['root_lastaccesstime']"/>
                <variable datatype="STRING" name="vModelName" value="AMPush.getModelName(Root['node_model'],AMPush.toSmart(Root['discovered_model']))"/>
                <variable datatype="STRING" name="vSerialNo" value="Root['serial_number']"/>
                <variable datatype="STRING" name="vNatureCode" value="AMPush.getNatureCode(iIsComputerAVM)"/>
                <variable datatype="STRING" name="vCpuType" value="AMPush.getLowestValue(Root.cpu*.getAt('cpu_type'))"/>
                <variable datatype="STRING" name="vCpuName" value="AMPush.getLowestValue(Root.cpu*.getAt('name'))"/>
                <variable datatype="STRING" name="vCpuSpecifier" value="AMPush.getEnumValueByKey(ClassModel,AMPush.getLowestValue(Root.cpu*.getAt('cpu_specifier')),'cpu_specifier_enum')"/>
                <variable datatype="STRING" name="vVmLPARType" value="AMPush.getEnumValueByKey(ClassModel,Root.Virtual_Host_Resource[0]['proc_mode'],'lpar_cpu_mode')"/>
                <variable datatype="STRING" name="vVmMode" value="Root.Virtual_Host_Resource[0]['lpar_mode']"/>
                <target_mapping datatype="INTEGER" name="lTenantId" ignore-on-null="true" is-valid="AMPush.ENABLE_PUSH_MT" value="vTenantId"/>
                <target_mapping datatype="STRING" name="CPUInternal" value="AMPush.getCpuInternal(vCpuSpecifier, vCpuType, vCpuName)"/>
                <target_mapping datatype="STRING" name="CPUType" value="AMPush.getCpuType(vCpuSpecifier, vCpuType, vCpuName)"/>
                <target_mapping datatype="STRING" name="VmLPARType" value="vVmLPARType" is-valid="AMPush.isReadyForPVU()"/>
                <target_mapping datatype="STRING" name="VmMode" ignore-on-null="true" value="vVmMode" is-valid="AMPush.isReadyForPVU()"/>
                <target_mapping datatype="STRING" name="VmType" ignore-on-null="true" value="AMPush.getVMType(Root.Virtual_Host_Resource[0]['root_class'], Root['root_class'])"/>
                <target_mapping datatype="STRING" name="ProcessorPoolCode" value="AMPush.isProcessorPool(Root.Virtual_Host_Resource[0]['shared_pool_id'])" is-valid="AMPush.isReadyForPVU()"/>
                <target_mapping datatype="INTEGER" name="ProcPoolCapacity" value="Root.Virtual_Host_Resource[0]['active_cpu_in_pool']" is-valid="AMPush.isReadyForPVU()"/>
                <target_mapping datatype="FLOAT" name="fMaxCpu" ignore-on-null="true" value="AMPush.getCpuMax(vVmLPARType, vVmMode, Root.Virtual_Host_Resource[0]['online_virtual_cpu'], Root.Virtual_Host_Resource[0]['entitled_capacity'])"/>
                <target_mapping datatype="FLOAT" name="fCPUNumber" value="AMPush.getResourceCPUNumber(Root.Virtual_Host_Resource[0], Root.cpu.size())"/>
                <target_mapping datatype="INTEGER" name="lNumSockets" ignore-on-null="true" value="Root.cpu.size()" is-valid="AMPush.isReadyForPVU()"/>
                <target_mapping datatype="INTEGER" name="lNumCorePerCPU" ignore-on-null="true" value="AMPush.getLowestValue(Root.cpu*.getAt('core_number'))" is-valid="AMPush.isReadyForPVU()"/>
                <target_mapping datatype="INTEGER" name="lNumCorePerSocket" ignore-on-null="true" value="AMPush.getLowestValue(Root.cpu*.getAt('core_number'))" is-valid="AMPush.isReadyForPVU()"/>
                <target_mapping datatype="INTEGER" name="lCPUCoreNumber" ignore-on-null="true" value="AMPush.getCoreCount(Root.cpu*.getAt('core_number'))"/>
                <target_mapping datatype="STRING" name="AssetTag" ignore-on-null="true" value="vAssetTag"/>
                <target_mapping datatype="INTEGER" name="bGroup" value="0"/>
                <target_mapping datatype="STRING" name="BiosAssetTag" value="Root['bios_asset_tag']"/>
                <target_mapping datatype="BOOLEAN" name="bTcpIpRouting" value="AMPush.fisContainOne(Root['node_role'], 'router')"/>
                <target_mapping datatype="STRING" name="ComputerDesc" value="AMPush.concatIfNotEmpty(AMPush.getFirstNotEmpty(Root['vendor'], Root['discovered_vendor']), AMPush.getFirstNotEmpty(Root['node_model'], Root['discovered_model'], Root['node_family']))"/>
                <target_mapping datatype="STRING" name="ComputerType" value="AMPush.getComputerType(iIsComputerAVM, Root['node_role'], Root['os_family'], Root['os_description'])"/>
                <target_mapping datatype="DATE" name="dtHardScan" value="vDtHardScan"/>
                <target_mapping datatype="DATE" name="dtLastScan" value="vDtLastScan"/>
                <target_mapping datatype="DATE" name="dtNetworkScan" value="AMPush.getLowestValue(Root.InventoryScanner*.getAt('startup_time'))"/>
                <target_mapping datatype="DATE" name="dtSoftScan" value="AMPush.getLowestValue(Root.InventoryScanner*.getAt('startup_time'))"/>
                <target_mapping datatype="LONG" name="lCPUSpeedMHz" value="AMPush.getLowestValue(Root.cpu*.getAt('cpu_clock_speed'))"/>
                <target_mapping datatype="DOUBLE" name="lDiskSizeMb" value="AMPush.sum(Root.File_System*.getAt('disk_size'))"/>
                <target_mapping datatype="INTEGER" name="lLogicalCPUNumber" value="AMPush.getCoreCount(Root.cpu*.getAt('logical_cpu_count'))"/>
                <target_mapping datatype="LONG" name="lMaxMemory" value="Root.VMWare_Host_Resource[0]['vm_memory_limit'] == -1 ? null : Root.VMWare_Host_Resource[0]['vm_memory_limit']"/>
                <target_mapping datatype="LONG" name="lMinMemory" value="Root.VMWare_Host_Resource[0]['vm_memory_reservation']"/>
                <target_mapping datatype="LONG" name="lMemorySizeMb" value="Root['memory_size']"/>
                <target_mapping datatype="INTEGER" name="lSwapSizeMb" value="Root['swap_memory_size']"/>
                <target_mapping datatype="STRING" name="OperatingSystem" value="AMPush.getFirstNotEmpty(Root['discovered_os_name'],Root['os_description'],Root['os_family'])"/>
                <target_mapping datatype="STRING" name="OSBuildNumber" value="AMPush.checkWindows(Root['host_osrelease'],'',ClassModel,Root['os_family'])"/>
                <target_mapping datatype="STRING" name="OSServiceLevel" value="AMPush.checkWindows(Root['nt_servicepack'],Root['host_osrelease'],ClassModel,Root['os_family'])"/>
                <target_mapping datatype="STRING" ignore-on-null="true" name="PhysicalAddress" value="AMPush.getPhysicalAddress(AMPush.getLowestValue(Root.Interface*.getAt('mac_address')))"/>
                <target_mapping datatype="STRING" name="ScannerDesc" value="AMPush.getLowestValue(Root.InventoryScanner*.getAt('description'))"/>
                <target_mapping datatype="STRING" name="ScannerVersion" value="AMPush.getLowestValue(Root.InventoryScanner*.getAt('version'))"/>
                <target_mapping datatype="STRING" name="TcpIpAddress" value="Root['primary_ip_address']"/>
                <target_mapping datatype="STRING" name="TcpIpDomain" value="AMPush.fEDDIGetDomainNameEx(Root['primary_dns_name'], Root['domain_name'])"/>
                <target_mapping datatype="STRING" name="TcpIpHostName" value="vComputerName"/>
                <target_mapping datatype="STRING" ignore-on-null="true" name="VMStatus" value="Root.VMWare_Host_Resource[0]['vm_status']"/>
                <target_mapping datatype="STRING" name="Workgroup" value="vWorkGroup"/>
                <target_mapping datatype="STRING" name="BIOSSource" value="Root['bios_source']"/>
                <target_mapping datatype="STRING" name="VideoCard" ignore-on-null="true" value="AMPush.getVideoAdapter(Root.Hardware_Board*.getAt('name'),Root.Hardware_Board*.getAt('root_class'))"/>
                <target_mapping datatype="STRING" name="SoundCard" ignore-on-null="true" value="AMPush.getAudioAdapter(Root.Hardware_Board*.getAt('name'))"/>
                <target_mapping datatype="INTEGER" name="lHorizontalRes" value="AMPush.findNonZero(Root.Hardware_Board*.getAt('current_display_mode_resolution_x'))"/>
                <target_mapping datatype="INTEGER" name="lVerticalRes" value="AMPush.findNonZero(Root.Hardware_Board*.getAt('current_display_mode_resolution_y'))"/>
                <target_mapping datatype="INTEGER" name="lColorDepth" value="AMPush.findNonZero(Root.Hardware_Board*.getAt('current_display_mode_colour_depth'))"/>
                <target_mapping datatype="FLOAT" name="fEntitledCapacity" is-valid="AMPush.isMatchVersion('9.60', '9.5.12.2')" value="Root.Virtual_Host_Resource[0]['entitled_capacity']"/>
                <target_mapping datatype="FLOAT" name="fOnlineVirtualCpu" is-valid="AMPush.isMatchVersion('9.60', '9.5.12.2')" value="Root.Virtual_Host_Resource[0]['online_virtual_cpu']"/>

                <target_entity name="Portfolio">
                    <target_mapping datatype="INTEGER" name="lTenantId" ignore-on-null="true" is-valid="AMPush.ENABLE_PUSH_MT" value="vTenantId"/>
                    <target_mapping datatype="STRING" name="GlobalId" ignore-on-null="true" is-valid="AMPush.useGlobalId()" value="globalId"/>
                    <target_mapping datatype="STRING" name="CMDBId" value="globalId"/>
                    <target_mapping datatype="DATE" name="dtInvent" value="vDtLastScan"/>
                    <target_entity name="Asset">
                        <target_mapping datatype="INTEGER" name="lTenantId" ignore-on-null="true" is-valid="AMPush.ENABLE_PUSH_MT" value="vTenantId"/>
                        <target_mapping datatype="STRING" name="GlobalId" ignore-on-null="true" is-valid="AMPush.useGlobalId()" value="Root.Asset[0]['global_id']"/>
                        <target_mapping datatype="STRING" name="SerialNo" value="vSerialNo"/>
                        <target_mapping datatype="STRING" name="sMaxCnxCount" value="(Root.PhysicalPort.size() == 0) ? null : Root.PhysicalPort.size()"/>
                    </target_entity>
                    <target_entity name="Model">
                        <target_mapping datatype="STRING" name="CPUType" value="AMPush.getCpuType(vCpuSpecifier, vCpuType, vCpuName)"/>
                        <target_mapping datatype="STRING" ignore-on-null="false" name="Name" value="AMPush.getFirstNotEmpty(Root['node_model'],AMPush.toSmart(Root['discovered_model']))"/>
                        <target_entity name="Brand">
                            <target_mapping datatype="STRING" name="Name" value="AMPush.getBrandName(Root['vendor'],Root['discovered_vendor'])"/>
                        </target_entity>
                        <target_entity name="Nature">
                            <target_mapping datatype="STRING" name="Code" value="vNatureCode"/>
                        </target_entity>
                        <target_entity name="Parent" type="'amModel-Parent'">
                            <target_mapping datatype="STRING" ignore-on-null="true" name="BarCode" value="AMPush.getModelParentCode(iIsComputerAVM, Root['node_role'], Root['os_family'], Root['os_description'])"/>
                        </target_entity>
                        <before-mapping>Logger.debug('before')</before-mapping>
                        <after-mapping>Logger.debug('after')</after-mapping>
                    </target_entity>
                    <for-each-source-entity count-index="i" source-entities="Root.Display_Monitor">
                        <target_entity name="AddOn" type="'Monitor-amPortfolio'">
                            <target_mapping datatype="INTEGER" name="lTenantId" ignore-on-null="true" is-valid="AMPush.ENABLE_PUSH_MT" value="vTenantId"/>
                            <target_mapping datatype="STRING" name="GlobalId" ignore-on-null="true" is-valid="AMPush.useGlobalId()" value="Root.Display_Monitor[i]['global_id']"/>
                            <target_mapping datatype="STRING" name="seAssignment" value="'0'"/>
                            <target_mapping datatype="STRING" name="Folder" value="Root.Display_Monitor[i]['serial_number']"/>
                            <target_entity name="Model" type="'Monitor-amModel'">
                                <target_mapping name="Name" datatype="STRING" value="AMPush.getMonitorModelName(Root.Display_Monitor[i]['vendor'], Root.Display_Monitor[i]['name'])"/>
                                <target_entity name="Brand" type="'Monitor-amBrand'">
                                    <target_mapping datatype="STRING" ignore-on-null="false" name="Name" value="Root.Display_Monitor[i]['vendor']"/>
                                </target_entity>
                                <target_entity name="Nature" type="'Monitor-amNature'">
                                    <target_mapping datatype="STRING" name="Code" value="'MON'"/>
                                </target_entity>
                                <target_entity name="Parent" type="'Monitor-amModel-Parent'">
                                    <target_mapping datatype="STRING" name="BarCode" value="AMPush.MODEL_MONITOR_AC50"/>
                                </target_entity>
                            </target_entity>
                            <target_entity name="Monitor">
                                <target_mapping name="lTenantId" datatype="INTEGER" ignore-on-null="true" is-valid="AMPush.ENABLE_PUSH_MT" value="vTenantId"/>
                                <target_mapping name="SerialNumber" datatype="STRING" value="Root.Display_Monitor[i]['serial_number']"/>
                                <target_mapping name="dHorizontalSize" datatype="INTEGER" value="Root.Display_Monitor[i]['monitor_size_x']"/>
                                <target_mapping name="dVerticalSize" datatype="INTEGER" value="Root.Display_Monitor[i]['monitor_size_y']"/>
                                <target_mapping name="lManufactYear" datatype="INTEGER" value="Root.Display_Monitor[i]['monitor_manufacture_year']"/>
                            </target_entity>
                        </target_entity>
                    </for-each-source-entity>
                    <for-each-source-entity count-index="i" source-entities="Root.Printer">
                        <target_entity name="AddOn" type="'Printer-amPortfolio'">
                            <target_mapping name="lTenantId" datatype="INTEGER" ignore-on-null="true" is-valid="AMPush.ENABLE_PUSH_MT" value="vTenantId"/>
                            <target_mapping name="GlobalId" datatype="STRING" ignore-on-null="true" is-valid="AMPush.useGlobalId()" value="Root.Printer[i]['global_id']"/>
                            <target_mapping name="seAssignment" datatype="STRING" value="'0'"/>
                            <target_entity name="Asset" type="'Printer-amAsset'">
                            </target_entity>
                            <target_entity name="Model" type="'Printer-amModel'">
                                <target_mapping name="Name" datatype="STRING" value="Root.Printer[i]['name']"/>
                                <target_entity name="Nature" type="'Printer-amNature'">
                                    <target_mapping name="Code" datatype="STRING" value="'PRN'"/>
                                </target_entity>
                                <target_entity name="Parent" type="'Printer-amModel-Parent'">
                                    <target_mapping name="BarCode" datatype="STRING" value="'C30'"/>
                                </target_entity>
                            </target_entity>
                        </target_entity>
                    </for-each-source-entity>
                </target_entity>
                <for-each-source-entity count-index="i" source-entities="Root.Hardware_Board">
                    <target_entity name="ExtensionCards">
                        <target_mapping name="lTenantId" datatype="INTEGER" ignore-on-null="true" is-valid="AMPush.ENABLE_PUSH_MT" value="vTenantId"/>
                        <target_mapping name="CardID" datatype="STRING" value="AMPush.getCardID(Root.Hardware_Board[i]['vendor_card_id'], i, Root.Hardware_Board*.getAt('vendor_card_id'))"/>
                        <target_mapping name="Name" datatype="STRING" value="AMPush.getCardName(Root.Hardware_Board[i]['name'])"/>
                        <target_mapping name="Type" datatype="STRING" value="AMPush.getCardType(AMPush.getEnumValueByKey(ClassModel,Root.Hardware_Board[i]['type'],'hardware_board_type_enum'))"/>
                        <target_entity name="Vendor">
                            <target_mapping name="Name" datatype="STRING" value="AMPush.getCardVendorName(Root.Hardware_Board[i]['vendor'])"/>
                        </target_entity>
                    </target_entity>
                </for-each-source-entity>
                <for-each-source-entity count-index="i" source-entities="Root.File_System">
                    <target_entity name="LogicalDrives">
                        <variable name="ucmdbId" datatype="STRING" value="Root.File_System[i]['cmdb_id']"/>
                        <variable name="globalId" datatype="STRING" value="Root.File_System[i]['global_id']"/>
                        <target_mapping name="lTenantId" datatype="INTEGER" ignore-on-null="true" is-valid="AMPush.ENABLE_PUSH_MT" value="vTenantId"/>
                        <target_mapping name="GlobalId" datatype="STRING" ignore-on-null="true" is-valid="AMPush.useGlobalId()" value="globalId"/>
                        <target_mapping name="Device" datatype="STRING" value="Root.File_System[i]['name']"/>
                        <target_mapping name="lFreeSpaceMb" datatype="LONG" value="AMPush.sum(Root.File_System[i].Logical_volume*.getAt('logicalvolume_free'))"/>
                        <target_mapping name="lTotalSizeMb" datatype="LONG" value="Root.File_System[i]['disk_size']"/>
                        <target_mapping name="Media" datatype="STRING" value="Root.File_System[i]['disk_type']"/>
                        <target_mapping name="MountPoint" datatype="STRING" value="Root.File_System[i]['mount_point']"/>
                        <target_mapping name="Name" datatype="STRING" value="AMPush.getLowestValue(Root.File_System[i].Logical_volume*.getAt('name'))"/>
                        <target_mapping name="Type" datatype="STRING" value="Root.File_System[i]['filesystem_type']"/>
                        <target_mapping name="Label" datatype="STRING" value="Root.File_System[i]['display_label']"/>
                    </target_entity>
                </for-each-source-entity>
                <for-each-source-entity count-index="i" source-entities="Root.Interface">
                    <target_entity name="NetworkCards">
                        <variable datatype="STRING" name="ucmdbId" value="Root.Interface[i]['cmdb_id']"/>
                        <variable datatype="STRING" name="globalId" value="Root.Interface[i]['global_id']"/>
                        <target_mapping datatype="INTEGER" name="lTenantId" ignore-on-null="true" is-valid="AMPush.ENABLE_PUSH_MT" value="vTenantId"/>
                        <target_mapping datatype="BOOLEAN" name="bDHCPEnabled" value="AMPush.fIsContainList(Root.Interface[i].ip_address_inter*.getAt('ip_address_property'), 'dhcp')"/>
                        <target_mapping datatype="STRING" name="DefaultGateway" value="Root['default_gateway_ip_address']"/>
                        <target_mapping datatype="STRING" name="Description" value="AMPush.getInterfaceDescription(Root.Interface[i]['interface_description'], AMPush.UNKNOWN)"/>
                        <target_mapping datatype="STRING" name="DNSSuffixes" value="AMPush.getDNSSuffix(Root.Interface[i].ip_address_inter)"/>
                        <target_mapping datatype="INTEGER" name="lSeq" value="Root.Interface[i]['interface_index']"/>
                        <target_mapping datatype="STRING" name="PhysAddress" value="AMPush.getFirstNotEmpty(Root.Interface[i]['mac_address'],Root.Interface[i]['interface_name'])"/>
                        <target_mapping datatype="STRING" name="SubnetMask" value="AMPush.getIpV4SubnetMask(Root.Interface[i].ip_address_inter)"/>
                        <target_mapping datatype="STRING" name="IPv6Address" value="AMPush.getFirstIpV6Address(Root.Interface[i].ip_address_inter)"/>
                        <target_mapping datatype="STRING" name="IPv6SubnetPrefix" value="AMPush.getIpV6SubnetMask(Root.Interface[i].ip_address_inter)"/>
                        <target_mapping datatype="STRING" name="TcpIpAddress" value="AMPush.getFirstIpV4Address(Root.Interface[i].ip_address_inter)"/>
                        <target_mapping datatype="STRING" name="Type" value="AMPush.getEnumValueByKey(ClassModel,Root.Interface[i]['interface_type'],'interfaceindex_type_enum')"/>
                        <target_mapping datatype="STRING" name="PrimaryWINS" value="Root.Interface[i]['primary_wins']"/>
                        <target_mapping datatype="STRING" name="SecondaryWINS" value="Root.Interface[i]['secondary_wins']"/>
                    </target_entity>
                </for-each-source-entity>
                <for-each-source-entity count-index="i" source-entities="Root.Disk_Device">
                    <target_entity name="PhysicalDrives">
                        <variable name="ucmdbId" datatype="STRING" value="Root.Disk_Device[i]['cmdb_id']"/>
                        <variable name="globalId" datatype="STRING" value="Root.Disk_Device[i]['global_id']"/>
                        <target_mapping name="lTenantId" datatype="INTEGER" ignore-on-null="true" is-valid="AMPush.ENABLE_PUSH_MT" value="vTenantId"/>
                        <target_mapping name="GlobalId" datatype="STRING" ignore-on-null="true" is-valid="AMPush.useGlobalId()" value="globalId"/>
                        <target_mapping name="Description" datatype="STRING" value="Root.Disk_Device[i]['name'] +((Root.Disk_Device[i]['disk_type']==null) ? '' : '_' + AMPush.getEnumValueByKey(ClassModel,Root.Disk_Device[i]['disk_type'],'disk_type_enum'))"/>
                        <target_mapping name="lTotalSizeMb" datatype="STRING" value="Root.Disk_Device[i]['disk_size']"/>
                    </target_entity>
                </for-each-source-entity>
            </target_entity>
        </source_instance>
    </target_entities>
</integration>