<integration xmlns:xsi="http://www.w3.org/2001/XMLSchema-instance" xsi:noNamespaceSchemaLocation="../newGenericPush.xsd">
    <info>
        <source name="UCMDB" version="10.20" vendor="Micro Focus"/>
        <target name="AssetManager" version="9.41" vendor="Micro Focus"/>
    </info>
    <import>
        <scriptFile path="mappings.scripts.AMPush"/>
    </import>
    <target_entities>

        <source_instance query-name="AM Resource Pool Relations Push*" root-element-name="Root">
            <target_entity name="Computer_ResourcePool_Relations" type="'ResourcePool_Relations'" is-valid="AMPush.isMatchVersion('9.60', '9.5.12.3')">
                <variable name="vEnd1CompId" datatype="STRING" value="AMPush.getEnd1ExternalId(OutputCI.getExternalId())"/>
                <variable name="vEnd2CompId" datatype="STRING" value="AMPush.getEnd2ExternalId(OutputCI.getExternalId())"/>
                <target_mapping name="lVMId" datatype="STRING" value="vEnd1CompId"/>
                <target_mapping name="lPoolId" datatype="STRING" value="vEnd2CompId"/>
            </target_entity>
        </source_instance>
    </target_entities>
</integration>