<integration xmlns:xsi="http://www.w3.org/2001/XMLSchema-instance" xsi:noNamespaceSchemaLocation="../newGenericPush.xsd">
    <info>
        <source name="UCMDB" version="10.20" vendor="Micro Focus"/>
        <target name="AssetManager" version="9.41" vendor="Micro Focus"/>
    </info>
    <import>
        <scriptFile path="mappings.scripts.AMPush"/>
    </import>
    <target_entities>
        <source_instance query-name="AM Resource Pool Push*" root-element-name="Root">
            <dynamic_mapping name="TenantIdByCode" keys-unique="true">
                <map_property property-name="AQLQuery" datatype="STRING" property-value="SELECT Code, lTenantId FROM amTenant"/>
            </dynamic_mapping>

            <target_entity name="ResourcePool" is-valid="AMPush.isMatchVersion('9.60', '9.5.12.3')">
                <variable datatype="INTEGER" name="vTenantId" value="AMPush.getAMTenantID(DynamicMapHolder, Root['TenantOwner'])"/>
                <variable name="globalId" datatype="STRING" value="Root['global_id']"/>
                <target_mapping name="lTenantId" datatype="INTEGER" ignore-on-null="true" is-valid="AMPush.ENABLE_PUSH_MT" value="vTenantId"/>
                <target_mapping name="GlobalId" datatype="STRING" ignore-on-null="true" is-valid="AMPush.useGlobalId()" value="globalId"/>
                <target_mapping name="Code" datatype="STRING" value="Root['pool_id']"/>
                <target_mapping name="Name" datatype="STRING" value="(Root['root_container'] == null) ? Root['name'] : Root['root_container'] + ':' + Root['name']"/>
                <target_mapping name="MaxCapability" datatype="INTEGER" value="Root['physical_cpus_configurable']"/>
                <target_mapping name="NumInUsed" datatype="FLOAT" value="AMPush.calcNumInUsed(Root['physical_cpus_configurable'], Root['physical_cpus_available'])"/>
                <target_mapping name="bDefault" datatype="BOOLEAN" value="(Root['pool_id'] == '0') ? true : false"/>
                <target_entity name="Host" type="'ResourcePool_Host'">
                    <variable datatype="STRING" name="vCompId" value="AMPush.getAMPrimaryID(Root.Node[0]['external_id_obj'])"/>
                </target_entity>
                <target_entity name="ResourceType" type="'ResourcePool_ResourceOption'">
                    <target_mapping name="Code" datatype="STRING" value="AMPush.getResourceOptionCode(Root['root_class'])"/>
                </target_entity>
            </target_entity>
        </source_instance>
    </target_entities>
</integration>