<integration xmlns:xsi="http://www.w3.org/2001/XMLSchema-instance" xsi:noNamespaceSchemaLocation="../newGenericPush.xsd">
    <info>
        <source name="UCMDB" version="10.20" vendor="Micro Focus"/>
        <target name="AssetManager" version="9.41" vendor="Micro Focus"/>
    </info>
    <import>
        <scriptFile path="mappings.scripts.AMPush"/>
    </import>
    <target_entities>
        <source_instance query-name="CP17 AM Cluster Push*" root-element-name="Root">
            <dynamic_mapping name="TenantIdByCode" keys-unique="true">
                <map_property property-name="AQLQuery" datatype="STRING" property-value="SELECT Code, lTenantId FROM amTenant"/>
            </dynamic_mapping>
            <target_entity name="Cluster" type="'amCluster'">
                <variable name="vTenantId" datatype="INTEGER" value="AMPush.getAMTenantID(DynamicMapHolder, Root['TenantOwner'])"/>
                <variable name="globalId" datatype="STRING" value="Root['global_id']"/>
                <variable name="vAssetTag" datatype="STRING" value="AMPush.validateAndRetrieveSingleUCaseAsset(Root.Asset*.getAt('asset_tag'))"/>
                <variable name="vModelName" datatype="STRING" value="AMPush.getClusterModelName(Root['root_class'], Root['version'])"/>
                <variable name="vNatureCode" datatype="STRING" value="'ITCLUSTER'"/>
                <variable name="vName" datatype="STRING" value="AMPush.getFirstNotEmpty(Root['name'])"/>

                <target_mapping name="lTenantId" datatype="INTEGER" ignore-on-null="true" is-valid="AMPush.ENABLE_PUSH_MT" value="vTenantId"/>
                <target_mapping name="Name" datatype="STRING" value="vName"/>
                <target_mapping name="Description" datatype="STRING" value="Root['description']"/>
                <target_mapping name="seClusterLayer" datatype="INTEGER" value="AMPush.getClusterLayer(Root['root_class'])"/>
                <target_mapping name="seClusterType" datatype="INTEGER" value="AMPush.getClusterType(Root['root_class'])"/>
                <target_mapping name="Technology" datatype="STRING" value="AMPush.getClusterTechnology(Root['root_class'])"/>
                <target_entity name="PortfolioItem" type="'Cluster_amPortfolio'">
                    <target_mapping name="lTenantId" datatype="INTEGER" ignore-on-null="true" is-valid="AMPush.ENABLE_PUSH_MT" value="vTenantId"/>
                    <target_mapping name="GlobalId" datatype="STRING" ignore-on-null="true" is-valid="AMPush.useGlobalId()" value="globalId"/>
                    <target_mapping name="CMDBId" datatype="STRING" value="globalId"/>
                    <target_mapping name="AssetTag" datatype="STRING" value="vAssetTag" ignore-on-null="true"/>
                    <target_entity name="Asset" type="'Cluster_amAsset'">
                    </target_entity>
                    <target_entity name="Model" type="'Cluster_amModel'">
                        <target_mapping name="Name" datatype="STRING" value="vModelName"/>
                        <target_entity name="Brand" type="'Cluster_amBrand'">
                            <target_mapping name="Name" datatype="STRING" ignore-on-null="true" value="AMPush.getBrandName(Root['vendor'],'')"/>
                        </target_entity>
                        <target_entity name="Nature" type="'Cluster_amModel-amNature'">
                            <target_mapping name="Code" datatype="STRING" value="vNatureCode"/>
                        </target_entity>
                        <target_entity name="Parent" type="'Cluster_amModel-Parent'">
                            <target_mapping name="BarCode" datatype="STRING" ignore-on-null="true" value="'C145'"/>
                        </target_entity>
                    </target_entity>
                </target_entity>
            </target_entity>
        </source_instance>
    </target_entities>
</integration>