<?xml version="1.0" encoding="UTF-8" standalone="yes"?>
<resource:XmlResourceWrapper xmlns:ns4="http://www.hp.com/ucmdb/1-0-0/ViewDefinition" xmlns:resource="http://www.hp.com/ucmdb/1-0-0/ResourceDefinition" xmlns:tql="http://www.hp.com/ucmdb/1-0-0/TopologyQueryLanguage">
    <resource xsi:type="tql:Query" name="AM Business Element Push 2.0" is-active="false" priority="low" xmlns:xsi="http://www.w3.org/2001/XMLSchema-instance">
        <tql:node class="business_element" name="Root" id="11">
            <tql:where>
                <tql:data-stores>
                    <tql:data-store>UCMDB</tql:data-store>
                </tql:data-stores>
                <tql:complex-types>
                    <tql:included-class-condition>
                        <tql:class>infrastructure_service</tql:class>
                        <tql:strict-class>false</tql:strict-class>
                    </tql:included-class-condition>
                    <tql:included-class-condition>
                        <tql:class>business_service</tql:class>
                        <tql:strict-class>false</tql:strict-class>
                    </tql:included-class-condition>
                    <tql:included-class-condition>
                        <tql:class>business_application</tql:class>
                        <tql:strict-class>false</tql:strict-class>
                    </tql:included-class-condition>
                    <tql:excluded-class-condition>
                        <tql:class>business_element</tql:class>
                        <tql:strict-class>false</tql:strict-class>
                    </tql:excluded-class-condition>
                </tql:complex-types>
            </tql:where>
            <tql:content>
                <tql:properties>
                    <tql:property name="root_class"/>
                    <tql:property name="name"/>
                    <tql:property name="global_id"/>
					<tql:property name="TenantOwner"/>
                </tql:properties>
                <tql:by-type type-name="service">
                    <tql:properties>
                        <tql:property name="root_class"/>
                        <tql:property name="name"/>
                        <tql:property name="global_id"/>
                        <tql:property name="service_state"/>
						<tql:property name="TenantOwner"/>
                    </tql:properties>
                </tql:by-type>
            </tql:content>
        </tql:node>
    </resource>
    <resourceBundle>integration_tqls_bundle</resourceBundle>
</resource:XmlResourceWrapper>
