<?xml version="1.0" encoding="UTF-8" standalone="yes"?>
<resource:XmlResourceWrapper xmlns:ns3="http://www.hp.com/ucmdb/1-0-0/ViewDefinition" xmlns:resource="http://www.hp.com/ucmdb/1-0-0/ResourceDefinition" xmlns:tql="http://www.hp.com/ucmdb/1-0-0/TopologyQueryLanguage">
    <resource xsi:type="tql:Query" name="AM Business Element Relations Push 2.0" is-active="false" priority="low" xmlns:xsi="http://www.w3.org/2001/XMLSchema-instance">
        <tql:node class="business_element" name="Business_Element2" id="16">
            <tql:where>
                <tql:data-stores>
                    <tql:data-store>UCMDB</tql:data-store>
                </tql:data-stores>
                <tql:complex-types>
                    <tql:included-class-condition>
                        <tql:class>infrastructure_service</tql:class>
                        <tql:strict-class>false</tql:strict-class>
                    </tql:included-class-condition>
                    <tql:included-class-condition>
                        <tql:class>business_service</tql:class>
                        <tql:strict-class>false</tql:strict-class>
                    </tql:included-class-condition>
                    <tql:included-class-condition>
                        <tql:class>business_application</tql:class>
                        <tql:strict-class>false</tql:strict-class>
                    </tql:included-class-condition>
                    <tql:excluded-class-condition>
                        <tql:class>business_element</tql:class>
                        <tql:strict-class>false</tql:strict-class>
                    </tql:excluded-class-condition>
                </tql:complex-types>
            </tql:where>
            <tql:content>
                <tql:properties>
					<tql:property name="TenantOwner"/>
                </tql:properties>
            </tql:content>
        </tql:node>
        <tql:node class="node" name="Node1" id="19">
            <tql:where>
                <tql:properties>
                    <tql:and>
                        <tql:not>
                            <tql:is-null>
                                <tql:property-ref name="node_role"/>
                            </tql:is-null>
                        </tql:not>
                        <tql:not>
                            <tql:and>
                                <tql:is-null>
                                    <tql:property-ref name="vendor"/>
                                </tql:is-null>
                                <tql:is-null>
                                    <tql:property-ref name="discovered_vendor"/>
                                </tql:is-null>
                            </tql:and>
                        </tql:not>
                        <tql:not>
                            <tql:and>
                                <tql:is-null>
                                    <tql:property-ref name="node_model"/>
                                </tql:is-null>
                                <tql:is-null>
                                    <tql:property-ref name="discovered_model"/>
                                </tql:is-null>
                            </tql:and>
                        </tql:not>
                        <tql:not>
                            <tql:is-null>
                                <tql:property-ref name="serial_number"/>
                            </tql:is-null>
                        </tql:not>
                    </tql:and>
                </tql:properties>
                <tql:data-stores>
                    <tql:data-store>UCMDB</tql:data-store>
                </tql:data-stores>
            </tql:where>
        </tql:node>
        <tql:node class="node" name="Node" id="21">
            <tql:where>
                <tql:properties>
                    <tql:and>
                        <tql:not>
                            <tql:is-null>
                                <tql:property-ref name="node_role"/>
                            </tql:is-null>
                        </tql:not>
                        <tql:not>
                            <tql:and>
                                <tql:is-null>
                                    <tql:property-ref name="vendor"/>
                                </tql:is-null>
                                <tql:is-null>
                                    <tql:property-ref name="discovered_vendor"/>
                                </tql:is-null>
                            </tql:and>
                        </tql:not>
                        <tql:not>
                            <tql:and>
                                <tql:is-null>
                                    <tql:property-ref name="node_model"/>
                                </tql:is-null>
                                <tql:is-null>
                                    <tql:property-ref name="discovered_model"/>
                                </tql:is-null>
                            </tql:and>
                        </tql:not>
                        <tql:not>
                            <tql:is-null>
                                <tql:property-ref name="serial_number"/>
                            </tql:is-null>
                        </tql:not>
                    </tql:and>
                </tql:properties>
                <tql:data-stores>
                    <tql:data-store>UCMDB</tql:data-store>
                </tql:data-stores>
            </tql:where>
        </tql:node>
        <tql:node class="business_element" name="Business_Element" id="11">
            <tql:where>
                <tql:data-stores>
                    <tql:data-store>UCMDB</tql:data-store>
                </tql:data-stores>
                <tql:complex-types>
                    <tql:included-class-condition>
                        <tql:class>infrastructure_service</tql:class>
                        <tql:strict-class>false</tql:strict-class>
                    </tql:included-class-condition>
                    <tql:included-class-condition>
                        <tql:class>business_service</tql:class>
                        <tql:strict-class>false</tql:strict-class>
                    </tql:included-class-condition>
                    <tql:included-class-condition>
                        <tql:class>business_application</tql:class>
                        <tql:strict-class>false</tql:strict-class>
                    </tql:included-class-condition>
                    <tql:excluded-class-condition>
                        <tql:class>business_element</tql:class>
                        <tql:strict-class>false</tql:strict-class>
                    </tql:excluded-class-condition>
                </tql:complex-types>
                <tql:links>
                    <tql:or>
                        <tql:link-ref name="RootLink_Node"/>
                        <tql:link-ref name="RootLink_BE_Comp"/>
                        <tql:link-ref name="RootLink_Node_Comp"/>
                        <tql:link-ref name="RootLink_BE"/>
                    </tql:or>
                </tql:links>
            </tql:where>
            <tql:content>
                <tql:properties>
                    <tql:property name="name"/>
                    <tql:property name="global_id"/>
                </tql:properties>
            </tql:content>
        </tql:node>
        <tql:node class="business_element" name="Business_Element1" id="13">
            <tql:where>
                <tql:data-stores>
                    <tql:data-store>UCMDB</tql:data-store>
                </tql:data-stores>
                <tql:complex-types>
                    <tql:included-class-condition>
                        <tql:class>infrastructure_service</tql:class>
                        <tql:strict-class>false</tql:strict-class>
                    </tql:included-class-condition>
                    <tql:included-class-condition>
                        <tql:class>business_service</tql:class>
                        <tql:strict-class>false</tql:strict-class>
                    </tql:included-class-condition>
                    <tql:included-class-condition>
                        <tql:class>business_application</tql:class>
                        <tql:strict-class>false</tql:strict-class>
                    </tql:included-class-condition>
                    <tql:excluded-class-condition>
                        <tql:class>business_element</tql:class>
                        <tql:strict-class>false</tql:strict-class>
                    </tql:excluded-class-condition>
                </tql:complex-types>
            </tql:where>
            <tql:content>
                <tql:properties>
                    <tql:property name="name"/>
                    <tql:property name="global_id"/>
                </tql:properties>
            </tql:content>
        </tql:node>
        <tql:link from="Business_Element" to="Business_Element1" class="managed_relationship" name="RootLink_BE" id="18">
            <tql:content>
                <tql:properties>
                    <tql:property name="root_class"/>
                    <tql:property name="global_id"/>
                </tql:properties>
            </tql:content>
        </tql:link>
        <tql:compound-link min-depth="2" max-depth="2" from="Business_Element" to="Node1" class="compound_f" strict-class="true" name="RootLink_Node_Comp" id="23">
            <tql:inner-node name="0_1" id="15"/>
            <tql:inner-link name="1_1" id="20"/>
            <tql:allowed-step class="managed_relationship" name="RootLink_Node_Comp-compound-link1" id="32">
                <tql:from class="business_element" name="RootLink_Node_Comp-compound-from-node1" id="30"/>
                <tql:to class="ci_collection" name="RootLink_Node_Comp-compound-to-node1" id="31"/>
            </tql:allowed-step>
            <tql:allowed-step class="managed_relationship" name="RootLink_Node_Comp-compound-link2" id="35">
                <tql:from class="business_element" name="RootLink_Node_Comp-compound-from-node2" id="33"/>
                <tql:to class="running_software" name="RootLink_Node_Comp-compound-to-node2" id="34"/>
            </tql:allowed-step>
            <tql:allowed-step class="managed_relationship" name="RootLink_Node_Comp-compound-link3" id="38">
                <tql:from class="ci_collection" name="RootLink_Node_Comp-compound-from-node3" id="36"/>
                <tql:to class="node" name="RootLink_Node_Comp-compound-to-node3" id="37"/>
            </tql:allowed-step>
            <tql:allowed-step opposite="true" class="managed_relationship" name="RootLink_Node_Comp-compound-link4" id="41">
                <tql:from class="running_software" name="RootLink_Node_Comp-compound-from-node4" id="39"/>
                <tql:to class="node" name="RootLink_Node_Comp-compound-to-node4" id="40"/>
            </tql:allowed-step>
        </tql:compound-link>
        <tql:compound-link min-depth="2" max-depth="5" from="Business_Element" to="Business_Element2" class="compound_f" strict-class="true" name="RootLink_BE_Comp" id="12">
            <tql:inner-node name="0_2" id="17"/>
            <tql:inner-link name="1_2" id="22"/>
            <tql:allowed-step class="managed_relationship" name="RootLink_BE_Comp-compound-link1" id="26">
                <tql:from class="business_element" name="RootLink_BE_Comp-compound-from-node1" id="24"/>
                <tql:to class="ci_collection" name="RootLink_BE_Comp-compound-to-node1" id="25"/>
            </tql:allowed-step>
            <tql:allowed-step class="managed_relationship" name="RootLink_BE_Comp-compound-link2" id="29">
                <tql:from class="ci_collection" name="RootLink_BE_Comp-compound-from-node2" id="27"/>
                <tql:to class="business_element" name="RootLink_BE_Comp-compound-to-node2" id="28"/>
            </tql:allowed-step>
        </tql:compound-link>
        <tql:link from="Business_Element" to="Node" class="managed_relationship" name="RootLink_Node" id="14">
            <tql:content>
                <tql:properties>
                    <tql:property name="root_class"/>
                    <tql:property name="global_id"/>
                </tql:properties>
            </tql:content>
        </tql:link>
    </resource>
    <resourceBundle>integration_tqls_bundle</resourceBundle>
</resource:XmlResourceWrapper>
