<?xml version="1.0" encoding="UTF-8" standalone="yes"?>
<resource:XmlResourceWrapper xmlns:ns4="http://www.hp.com/ucmdb/1-0-0/ViewDefinition" xmlns:resource="http://www.hp.com/ucmdb/1-0-0/ResourceDefinition" xmlns:tql="http://www.hp.com/ucmdb/1-0-0/TopologyQueryLanguage">
    <resource xsi:type="tql:Query" name="AM Cluster Push 2.0" version="14" xmlns:xsi="http://www.w3.org/2001/XMLSchema-instance">
        <tql:node class="asset" name="Asset" id="24">
            <tql:where>
                <tql:data-stores>
                    <tql:data-store>UCMDB</tql:data-store>
                </tql:data-stores>
            </tql:where>
            <tql:content>
                <tql:properties>
                    <tql:property name="asset_tag"/>
                </tql:properties>
            </tql:content>
        </tql:node>
        <tql:node class="cluster" name="Root" id="11">
            <tql:where>
                <tql:data-stores>
                    <tql:data-store>UCMDB</tql:data-store>
                </tql:data-stores>
                <tql:links>
                    <tql:link-ref name="Connection" min-occurs="0"/>
                </tql:links>
            </tql:where>
            <tql:content>
                <tql:properties>
                    <tql:property name="name"/>
                    <tql:property name="description"/>
                    <tql:property name="global_id"/>
                    <tql:property name="root_class"/>
                    <tql:property name="layer"/>
                    <tql:property name="vendor"/>
                    <tql:property name="version"/>
					<tql:property name="TenantOwner"/>
                </tql:properties>
                <tql:by-type type-name="oracle_data_guard">
                    <tql:properties>
                        <tql:property name="root_class"/>
                        <tql:property name="vendor"/>
                        <tql:property name="description"/>
                        <tql:property name="name"/>
                        <tql:property name="dg_config"/>
                        <tql:property name="layer"/>
                        <tql:property name="global_id"/>
                        <tql:property name="version"/>
						<tql:property name="TenantOwner"/>
                    </tql:properties>
                </tql:by-type>
            </tql:content>
        </tql:node>
        <tql:link from="Asset" to="Root" class="connection" name="Connection" id="25"/>
    </resource>
    <resourceBundle>integration_tqls_bundle</resourceBundle>
</resource:XmlResourceWrapper>
