<?xml version="1.0" encoding="UTF-8" standalone="yes"?>
<resource:XmlResourceWrapper xmlns:ns4="http://www.hp.com/ucmdb/1-0-0/PolicyRuleDefinition" xmlns:ns3="http://www.hp.com/ucmdb/1-0-0/ViewDefinition" xmlns:resource="http://www.hp.com/ucmdb/1-0-0/ResourceDefinition" xmlns:tql="http://www.hp.com/ucmdb/1-0-0/TopologyQueryLanguage">
    <resource xsi:type="tql:Query" name="AM Cluster Runningsoftware Relations Push 2.0" xmlns:xsi="http://www.w3.org/2001/XMLSchema-instance">
        <tql:node class="running_software" name="RunningSoftware" id="11">
            <tql:where>
               <tql:properties>
                    <tql:not>
                        <tql:is-null>
                            <tql:property-ref name="name"/>
                        </tql:is-null>
                    </tql:not>
                </tql:properties>
                <tql:data-stores>
                    <tql:data-store>UCMDB</tql:data-store>
                </tql:data-stores>
            </tql:where>
            <tql:content>
                <tql:by-type type-name="oracle">
                    <tql:properties>
                        <tql:property name="database_role"/>
                    </tql:properties>
                </tql:by-type>
            </tql:content>
        </tql:node>
        <tql:node class="cluster" name="Cluster" id="13">
            <tql:where>
                <tql:data-stores>
                    <tql:data-store>UCMDB</tql:data-store>
                </tql:data-stores>
                <tql:complex-types>
                    <tql:included-class-condition>
                        <tql:class>cluster</tql:class>
                        <tql:strict-class>false</tql:strict-class>
                    </tql:included-class-condition>
                    <tql:excluded-class-condition>
                        <tql:class>veritascluster</tql:class>
                        <tql:strict-class>true</tql:strict-class>
                    </tql:excluded-class-condition>
                    <tql:excluded-class-condition>
                        <tql:class>hacmpcluster</tql:class>
                        <tql:strict-class>true</tql:strict-class>
                    </tql:excluded-class-condition>
                    <tql:excluded-class-condition>
                        <tql:class>mscluster</tql:class>
                        <tql:strict-class>true</tql:strict-class>
                    </tql:excluded-class-condition>
                    <tql:excluded-class-condition>
                        <tql:class>ms_nlb_cluster</tql:class>
                        <tql:strict-class>true</tql:strict-class>
                    </tql:excluded-class-condition>
                    <tql:excluded-class-condition>
                        <tql:class>vmware_cluster</tql:class>
                        <tql:strict-class>true</tql:strict-class>
                    </tql:excluded-class-condition>
                    <tql:excluded-class-condition>
                        <tql:class>suncluster</tql:class>
                        <tql:strict-class>true</tql:strict-class>
                    </tql:excluded-class-condition>
                </tql:complex-types>
            </tql:where>
            <tql:content>
                <tql:properties>
					<tql:property name="TenantOwner"/>
                </tql:properties>
            </tql:content>
        </tql:node>
        <tql:link from="Cluster" to="RunningSoftware" class="membership" name="Root" id="12">
            <tql:content>
                <tql:properties>
                    <tql:property name="global_id"/>
                </tql:properties>
            </tql:content>
        </tql:link>
    </resource>
    <resourceBundle>integration_tqls_bundle</resourceBundle>
</resource:XmlResourceWrapper>
