<?xml version="1.0" encoding="UTF-8" standalone="yes"?>
<resource:XmlResourceWrapper xmlns:ns4="http://www.hp.com/ucmdb/1-0-0/PolicyRuleDefinition" xmlns:ns3="http://www.hp.com/ucmdb/1-0-0/ViewDefinition" xmlns:resource="http://www.hp.com/ucmdb/1-0-0/ResourceDefinition" xmlns:tql="http://www.hp.com/ucmdb/1-0-0/TopologyQueryLanguage">
    <resource xsi:type="tql:Query" name="AM Cluster Node Relations Push 2.0" xmlns:xsi="http://www.w3.org/2001/XMLSchema-instance">
        <tql:node class="node" name="Computer" id="14">
            <tql:where>
                <tql:properties>
                    <tql:and>
                        <tql:not>
                            <tql:is-null>
                                <tql:property-ref name="node_role"/>
                            </tql:is-null>
                        </tql:not>
                        <tql:not>
                            <tql:and>
                                <tql:is-null>
                                    <tql:property-ref name="vendor"/>
                                </tql:is-null>
                                <tql:is-null>
                                    <tql:property-ref name="discovered_vendor"/>
                                </tql:is-null>
                            </tql:and>
                        </tql:not>
                        <tql:not>
                            <tql:and>
                                <tql:is-null>
                                    <tql:property-ref name="node_model"/>
                                </tql:is-null>
                                <tql:is-null>
                                    <tql:property-ref name="discovered_model"/>
                                </tql:is-null>
                            </tql:and>
                        </tql:not>
                        <tql:not>
                            <tql:is-null>
                                <tql:property-ref name="serial_number"/>
                            </tql:is-null>
                        </tql:not>
                    </tql:and>
                </tql:properties>
                <tql:data-stores>
                    <tql:data-store>UCMDB</tql:data-store>
                </tql:data-stores>
                <tql:links>
                    <tql:link-ref name="Root" max-occurs="1"/>
                </tql:links>
            </tql:where>
            <tql:content>
                <tql:properties>
					<tql:property name="TenantOwner"/>
                </tql:properties>
            </tql:content>
        </tql:node>
        <tql:node class="cluster" name="Cluster" id="15">
            <tql:where>
                <tql:data-stores>
                    <tql:data-store>UCMDB</tql:data-store>
                </tql:data-stores>
                <tql:complex-types>
                    <tql:included-class-condition>
                        <tql:class>cluster</tql:class>
                        <tql:strict-class>false</tql:strict-class>
                    </tql:included-class-condition>
                    <tql:excluded-class-condition>
                        <tql:class>tomcatcluster</tql:class>
                        <tql:strict-class>true</tql:strict-class>
                    </tql:excluded-class-condition>
                    <tql:excluded-class-condition>
                        <tql:class>serviceguardcluster</tql:class>
                        <tql:strict-class>true</tql:strict-class>
                    </tql:excluded-class-condition>
                    <tql:excluded-class-condition>
                        <tql:class>j2eecluster</tql:class>
                        <tql:strict-class>true</tql:strict-class>
                    </tql:excluded-class-condition>
                    <tql:excluded-class-condition>
                        <tql:class>emc_autostart_cluster</tql:class>
                        <tql:strict-class>true</tql:strict-class>
                    </tql:excluded-class-condition>
                    <tql:excluded-class-condition>
                        <tql:class>rac</tql:class>
                        <tql:strict-class>true</tql:strict-class>
                    </tql:excluded-class-condition>
                    <tql:excluded-class-condition>
                        <tql:class>mqcluster</tql:class>
                        <tql:strict-class>true</tql:strict-class>
                    </tql:excluded-class-condition>
                </tql:complex-types>
            </tql:where>
        </tql:node>
        <tql:compound-link max-depth="2" from="Computer" to="Cluster" class="compound_f" strict-class="true" name="Root" id="13">
            <tql:inner-node name="0" id="12"/>
            <tql:inner-link name="1" id="11"/>
            <tql:allowed-step class="managed_relationship" name="Root-compound-link1" id="18">
                <tql:from class="node" name="Root-compound-from-node1" id="16"/>
                <tql:to class="running_software" name="Root-compound-to-node1" id="17"/>
            </tql:allowed-step>
            <tql:allowed-step opposite="true" class="managed_relationship" name="Root-compound-link2" id="21">
                <tql:from class="running_software" name="Root-compound-from-node2" id="19"/>
                <tql:to class="cluster" name="Root-compound-to-node2" id="20"/>
            </tql:allowed-step>
        </tql:compound-link>
    </resource>
    <resourceBundle>integration_tqls_bundle</resourceBundle>
</resource:XmlResourceWrapper>
