<?xml version="1.0" encoding="UTF-8" standalone="yes"?>
<resource:XmlResourceWrapper xmlns:ns4="http://www.hp.com/ucmdb/1-0-0/PolicyRuleDefinition" xmlns:ns3="http://www.hp.com/ucmdb/1-0-0/ViewDefinition" xmlns:resource="http://www.hp.com/ucmdb/1-0-0/ResourceDefinition" xmlns:tql="http://www.hp.com/ucmdb/1-0-0/TopologyQueryLanguage">
    <resource xsi:type="tql:Query" name="AM Cluster Runningsoftware Push 2.0" xmlns:xsi="http://www.w3.org/2001/XMLSchema-instance">
        <tql:node class="node" name="Node" id="11">
            <tql:where>
                <tql:properties>
                    <tql:and>
                        <tql:not>
                            <tql:is-null>
                                <tql:property-ref name="node_role"/>
                            </tql:is-null>
                        </tql:not>
                        <tql:not>
                            <tql:and>
                                <tql:is-null>
                                    <tql:property-ref name="vendor"/>
                                </tql:is-null>
                                <tql:is-null>
                                    <tql:property-ref name="discovered_vendor"/>
                                </tql:is-null>
                            </tql:and>
                        </tql:not>
                        <tql:not>
                            <tql:and>
                                <tql:is-null>
                                    <tql:property-ref name="node_model"/>
                                </tql:is-null>
                                <tql:is-null>
                                    <tql:property-ref name="discovered_model"/>
                                </tql:is-null>
                            </tql:and>
                        </tql:not>
                        <tql:not>
                            <tql:is-null>
                                <tql:property-ref name="serial_number"/>
                            </tql:is-null>
                        </tql:not>
                    </tql:and>
                </tql:properties>
                <tql:data-stores>
                    <tql:data-store>UCMDB</tql:data-store>
                </tql:data-stores>
            </tql:where>
        </tql:node>
        <tql:node class="running_software" name="Root" id="13">
            <tql:where>
                <tql:properties>
                    <tql:not>
                        <tql:is-null>
                            <tql:property-ref name="name"/>
                        </tql:is-null>
                    </tql:not>
                </tql:properties>
                <tql:data-stores>
                    <tql:data-store>UCMDB</tql:data-store>
                </tql:data-stores>
            </tql:where>
            <tql:content>
                <tql:properties>
                    <tql:property name="root_lastaccesstime"/>
                    <tql:property name="display_label"/>
                    <tql:property name="vendor"/>
                    <tql:property name="description"/>
                    <tql:property name="name"/>
                    <tql:property name="product_name"/>
                    <tql:property name="discovered_product_name"/>
                    <tql:property name="root_container_name"/>
                    <tql:property name="global_id"/>
                    <tql:property name="application_path"/>
                    <tql:property name="startup_time"/>
                    <tql:property name="version"/>
                    <tql:property name="classification"/>
                    <tql:property name="create_time"/>
                    <tql:property name="language"/>
                    <tql:property name="application_version"/>
                    <tql:property name="TenantOwner"/>
                </tql:properties>
                <tql:by-type type-name="oracle">
                    <tql:properties>
                        <tql:property name="database_role"/>
                        <tql:property name="root_lastaccesstime"/>
                        <tql:property name="display_label"/>
                        <tql:property name="vendor"/>
                        <tql:property name="product_name"/>
                        <tql:property name="root_container_name"/>
                        <tql:property name="global_id"/>
                        <tql:property name="application_path"/>
                        <tql:property name="startup_time"/>
                        <tql:property name="version"/>
                        <tql:property name="discovered_product_name"/>
                        <tql:property name="description"/>
                        <tql:property name="application_version"/>
                        <tql:property name="classification"/>
                        <tql:property name="name"/>
                        <tql:property name="create_time"/>
                        <tql:property name="language"/>
                        <tql:property name="TenantOwner"/>
                    </tql:properties>
                </tql:by-type>
            </tql:content>
        </tql:node>
        <tql:node class="cluster" name="Cluster" id="14">
            <tql:where>
                <tql:data-stores>
                    <tql:data-store>UCMDB</tql:data-store>
                </tql:data-stores>
                <tql:complex-types>
                    <tql:included-class-condition>
                        <tql:class>cluster</tql:class>
                        <tql:strict-class>false</tql:strict-class>
                    </tql:included-class-condition>
                    <tql:excluded-class-condition>
                        <tql:class>veritascluster</tql:class>
                        <tql:strict-class>true</tql:strict-class>
                    </tql:excluded-class-condition>
                    <tql:excluded-class-condition>
                        <tql:class>hacmpcluster</tql:class>
                        <tql:strict-class>true</tql:strict-class>
                    </tql:excluded-class-condition>
                    <tql:excluded-class-condition>
                        <tql:class>mscluster</tql:class>
                        <tql:strict-class>true</tql:strict-class>
                    </tql:excluded-class-condition>
                    <tql:excluded-class-condition>
                        <tql:class>ms_nlb_cluster</tql:class>
                        <tql:strict-class>true</tql:strict-class>
                    </tql:excluded-class-condition>
                    <tql:excluded-class-condition>
                        <tql:class>vmware_cluster</tql:class>
                        <tql:strict-class>true</tql:strict-class>
                    </tql:excluded-class-condition>
                    <tql:excluded-class-condition>
                        <tql:class>suncluster</tql:class>
                        <tql:strict-class>true</tql:strict-class>
                    </tql:excluded-class-condition>
                </tql:complex-types>
            </tql:where>
        </tql:node>
        <tql:link from="Cluster" to="Root" class="membership" name="Membership" id="12"/>
        <tql:link from="Node" to="Root" class="composition" name="Composition" id="15"/>
    </resource>
    <resourceBundle>integration_tqls_bundle</resourceBundle>
</resource:XmlResourceWrapper>
