<?xml version="1.0" encoding="UTF-8" standalone="yes"?>
<resource:XmlResourceWrapper xmlns:ns4="http://www.hp.com/ucmdb/1-0-0/ViewDefinition" xmlns:resource="http://www.hp.com/ucmdb/1-0-0/ResourceDefinition" xmlns:tql="http://www.hp.com/ucmdb/1-0-0/TopologyQueryLanguage" xmlns:ns5="http://www.hp.com/ucmdb/1-0-0/PolicyRuleDefinition">
    <resource xsi:type="tql:Query" name="AM Host Server And Running LPAR VM Relations Push 2.0" xmlns:xsi="http://www.w3.org/2001/XMLSchema-instance">
        <tql:node class="unix" name="Host" id="13">
            <tql:where>
                <tql:properties>
                    <tql:and>
                        <tql:not>
                            <tql:is-null>
                                <tql:property-ref name="node_role"/>
                            </tql:is-null>
                        </tql:not>
                        <tql:not>
                            <tql:and>
                                <tql:is-null>
                                    <tql:property-ref name="vendor"/>
                                </tql:is-null>
                                <tql:is-null>
                                    <tql:property-ref name="discovered_vendor"/>
                                </tql:is-null>
                            </tql:and>
                        </tql:not>
                        <tql:not>
                            <tql:and>
                                <tql:is-null>
                                    <tql:property-ref name="node_model"/>
                                </tql:is-null>
                                <tql:is-null>
                                    <tql:property-ref name="discovered_model"/>
                                </tql:is-null>
                            </tql:and>
                        </tql:not>
                        <tql:not>
                            <tql:is-null>
                                <tql:property-ref name="serial_number"/>
                            </tql:is-null>
                        </tql:not>
                    </tql:and>
                </tql:properties>
                <tql:data-stores>
                    <tql:data-store>UCMDB</tql:data-store>
                </tql:data-stores>
            </tql:where>
            <tql:content>
                <tql:properties>
					<tql:property name="TenantOwner"/>
                </tql:properties>
            </tql:content>
        </tql:node>
        <tql:node class="unix" name="VM" id="15">
            <tql:where>
                <tql:properties>
                    <tql:and>
                        <tql:not>
                            <tql:is-null>
                                <tql:property-ref name="node_role"/>
                            </tql:is-null>
                        </tql:not>
                        <tql:not>
                            <tql:and>
                                <tql:is-null>
                                    <tql:property-ref name="vendor"/>
                                </tql:is-null>
                                <tql:is-null>
                                    <tql:property-ref name="discovered_vendor"/>
                                </tql:is-null>
                            </tql:and>
                        </tql:not>
                        <tql:not>
                            <tql:and>
                                <tql:is-null>
                                    <tql:property-ref name="node_model"/>
                                </tql:is-null>
                                <tql:is-null>
                                    <tql:property-ref name="discovered_model"/>
                                </tql:is-null>
                            </tql:and>
                        </tql:not>
                        <tql:not>
                            <tql:is-null>
                                <tql:property-ref name="serial_number"/>
                            </tql:is-null>
                        </tql:not>
                    </tql:and>
                </tql:properties>
                <tql:data-stores>
                    <tql:data-store>UCMDB</tql:data-store>
                </tql:data-stores>
            </tql:where>
        </tql:node>
        <tql:compound-link max-depth="4" from="Host" to="VM" class="compound_f" strict-class="true" name="Root" id="14">
            <tql:inner-node name="0" id="12"/>
            <tql:inner-link name="1" id="11"/>
            <tql:allowed-step class="execution_environment" name="Root-compound-link1" id="18">
                <tql:from class="hypervisor" name="Root-compound-from-node1" id="16"/>
                <tql:to class="unix" name="Root-compound-to-node1" id="17"/>
            </tql:allowed-step>
            <tql:allowed-step class="composition" name="Root-compound-link2" id="21">
                <tql:from class="unix" name="Root-compound-from-node2" id="19"/>
                <tql:to class="ibm_hmc" name="Root-compound-to-node2" id="20"/>
            </tql:allowed-step>
            <tql:allowed-step class="composition" name="Root-compound-link3" id="24">
                <tql:from class="ibm_pseries_frame" name="Root-compound-from-node3" id="22"/>
                <tql:to class="hypervisor" name="Root-compound-to-node3" id="23"/>
            </tql:allowed-step>
            <tql:allowed-step class="manage" name="Root-compound-link4" id="27">
                <tql:from class="ibm_hmc" name="Root-compound-from-node4" id="25"/>
                <tql:to class="ibm_pseries_frame" name="Root-compound-to-node4" id="26"/>
            </tql:allowed-step>
        </tql:compound-link>
    </resource>
    <resourceBundle>integration_tqls_bundle</resourceBundle>
</resource:XmlResourceWrapper>
