<?xml version="1.0" encoding="UTF-8" standalone="yes"?>
<resource:XmlResourceWrapper xmlns:ns4="http://www.hp.com/ucmdb/1-0-0/ViewDefinition" xmlns:resource="http://www.hp.com/ucmdb/1-0-0/ResourceDefinition" xmlns:tql="http://www.hp.com/ucmdb/1-0-0/TopologyQueryLanguage">
    <resource xsi:type="tql:Query" name="AM Host Server And Running VM Relations Push 2.0" is-active="false" priority="low" xmlns:xsi="http://www.w3.org/2001/XMLSchema-instance">
        <tql:node class="node" name="Host" id="13">
            <tql:where>
                <tql:properties>
                    <tql:and>
                        <tql:not>
                            <tql:and>
                                <tql:is-null>
                                    <tql:property-ref name="vendor"/>
                                </tql:is-null>
                                <tql:is-null>
                                    <tql:property-ref name="discovered_vendor"/>
                                </tql:is-null>
                            </tql:and>
                        </tql:not>
                        <tql:not>
                            <tql:and>
                                <tql:is-null>
                                    <tql:property-ref name="discovered_model"/>
                                </tql:is-null>
                                <tql:is-null>
                                    <tql:property-ref name="node_model"/>
                                </tql:is-null>
                            </tql:and>
                        </tql:not>
                        <tql:not>
                            <tql:is-null>
                                <tql:property-ref name="serial_number"/>
                            </tql:is-null>
                        </tql:not>
                        <tql:not>
                            <tql:is-null>
                                <tql:property-ref name="node_role"/>
                            </tql:is-null>
                        </tql:not>
                    </tql:and>
                </tql:properties>
                <tql:data-stores>
                    <tql:data-store>UCMDB</tql:data-store>
                </tql:data-stores>
            </tql:where>
            <tql:content>
                <tql:properties>
                    <tql:property name="discovered_os_name"/>
                    <tql:property name="os_description"/>
                    <tql:property name="host_key"/>
                    <tql:property name="root_lastaccesstime"/>
                    <tql:property name="host_osrelease"/>
                    <tql:property name="node_family"/>
                    <tql:property name="swap_memory_size"/>
                    <tql:property name="memory_size"/>
                    <tql:property name="os_family"/>
                    <tql:property name="host_isvirtual"/>
                    <tql:property name="node_role"/>
                    <tql:property name="name"/>
                    <tql:property name="bios_asset_tag"/>
                    <tql:property name="domain_name"/>
                    <tql:property name="net_bios_name"/>
                    <tql:property name="root_iscandidatefordeletion"/>
                    <tql:property name="snmp_sys_name"/>
                    <tql:property name="discovered_vendor"/>
                    <tql:property name="root_class"/>
                    <tql:property name="vendor"/>
                    <tql:property name="primary_dns_name"/>
                    <tql:property name="global_id"/>
                    <tql:property name="default_gateway_ip_address"/>
                    <tql:property name="node_model"/>
                    <tql:property name="discovered_model"/>
                    <tql:property name="serial_number"/>
					<tql:property name="TenantOwner"/>
                </tql:properties>
            </tql:content>
        </tql:node>
        <tql:node class="node" name="VM" id="15">
            <tql:where>
                <tql:properties>
                    <tql:and>
                        <tql:not>
                            <tql:and>
                                <tql:is-null>
                                    <tql:property-ref name="vendor"/>
                                </tql:is-null>
                                <tql:is-null>
                                    <tql:property-ref name="discovered_vendor"/>
                                </tql:is-null>
                            </tql:and>
                        </tql:not>
                        <tql:not>
                            <tql:and>
                                <tql:is-null>
                                    <tql:property-ref name="discovered_model"/>
                                </tql:is-null>
                                <tql:is-null>
                                    <tql:property-ref name="node_model"/>
                                </tql:is-null>
                            </tql:and>
                        </tql:not>
                        <tql:not>
                            <tql:is-null>
                                <tql:property-ref name="serial_number"/>
                            </tql:is-null>
                        </tql:not>
                        <tql:not>
                            <tql:is-null>
                                <tql:property-ref name="node_role"/>
                            </tql:is-null>
                        </tql:not>
                    </tql:and>
                </tql:properties>
                <tql:data-stores>
                    <tql:data-store>UCMDB</tql:data-store>
                </tql:data-stores>
            </tql:where>
        </tql:node>
        <tql:compound-link max-depth="2" from="Host" to="VM" class="compound_f" strict-class="true" name="Root" id="14">
            <tql:where>
				<tql:link-filter name="exclude-self-links"/>
			</tql:where>
            <tql:inner-node name="0" id="12"/>
            <tql:inner-link name="1" id="11"/>
            <tql:allowed-step class="managed_relationship" name="Root-compound-link1" id="18">
                <tql:from class="node" name="Root-compound-from-node1" id="16"/>
                <tql:to class="hypervisor" name="Root-compound-to-node1" id="17"/>
            </tql:allowed-step>
            <tql:allowed-step class="managed_relationship" name="Root-compound-link2" id="21">
                <tql:from class="hypervisor" name="Root-compound-from-node2" id="19"/>
                <tql:to class="node" name="Root-compound-to-node2" id="20"/>
            </tql:allowed-step>
        </tql:compound-link>
    </resource>
    <resourceBundle>integration_tqls_bundle</resourceBundle>
</resource:XmlResourceWrapper>
