<?xml version="1.0" encoding="UTF-8" standalone="yes"?>
<resource:XmlResourceWrapper xmlns:ns4="http://www.hp.com/ucmdb/1-0-0/ViewDefinition" xmlns:resource="http://www.hp.com/ucmdb/1-0-0/ResourceDefinition" xmlns:tql="http://www.hp.com/ucmdb/1-0-0/TopologyQueryLanguage">
    <resource xsi:type="tql:Query" name="AM Host Server And Running Solaris VM Relations Push 2.0" is-active="false" priority="low" xmlns:xsi="http://www.w3.org/2001/XMLSchema-instance">
        <tql:node class="unix" name="Host" id="11">
            <tql:where>
                <tql:properties>
                    <tql:and>
                        <tql:not>
                            <tql:and>
                                <tql:is-null>
                                    <tql:property-ref name="vendor"/>
                                </tql:is-null>
                                <tql:is-null>
                                    <tql:property-ref name="discovered_vendor"/>
                                </tql:is-null>
                            </tql:and>
                        </tql:not>
                        <tql:not>
                            <tql:and>
                                <tql:is-null>
                                    <tql:property-ref name="discovered_model"/>
                                </tql:is-null>
                                <tql:is-null>
                                    <tql:property-ref name="node_model"/>
                                </tql:is-null>
                            </tql:and>
                        </tql:not>
                        <tql:not>
                            <tql:is-null>
                                <tql:property-ref name="serial_number"/>
                            </tql:is-null>
                        </tql:not>
                        <tql:not>
                            <tql:is-null>
                                <tql:property-ref name="node_role"/>
                            </tql:is-null>
                        </tql:not>
                    </tql:and>
                </tql:properties>
                <tql:data-stores>
                    <tql:data-store>UCMDB</tql:data-store>
                </tql:data-stores>
            </tql:where>
            <tql:content>
                <tql:properties>
					<tql:property name="TenantOwner"/>
                </tql:properties>
            </tql:content>
        </tql:node>
        <tql:node class="unix" name="VM" id="13">
            <tql:where>
                <tql:properties>
                    <tql:and>
                        <tql:not>
                            <tql:and>
                                <tql:is-null>
                                    <tql:property-ref name="vendor"/>
                                </tql:is-null>
                                <tql:is-null>
                                    <tql:property-ref name="discovered_vendor"/>
                                </tql:is-null>
                            </tql:and>
                        </tql:not>
                        <tql:not>
                            <tql:and>
                                <tql:is-null>
                                    <tql:property-ref name="discovered_model"/>
                                </tql:is-null>
                                <tql:is-null>
                                    <tql:property-ref name="node_model"/>
                                </tql:is-null>
                            </tql:and>
                        </tql:not>
                        <tql:not>
                            <tql:is-null>
                                <tql:property-ref name="serial_number"/>
                            </tql:is-null>
                        </tql:not>
                        <tql:not>
                            <tql:is-null>
                                <tql:property-ref name="node_role"/>
                            </tql:is-null>
                        </tql:not>
                    </tql:and>
                </tql:properties>
                <tql:data-stores>
                    <tql:data-store>UCMDB</tql:data-store>
                </tql:data-stores>
            </tql:where>
        </tql:node>
        <tql:link from="Host" to="VM" class="membership" name="Root" id="12"/>
    </resource>
    <resourceBundle>integration_tqls_bundle</resourceBundle>
</resource:XmlResourceWrapper>
