<?xml version="1.0" encoding="UTF-8" standalone="yes"?>
<resource:XmlResourceWrapper xmlns:ns3="http://www.hp.com/ucmdb/1-0-0/ViewDefinition" xmlns:resource="http://www.hp.com/ucmdb/1-0-0/ResourceDefinition" xmlns:tql="http://www.hp.com/ucmdb/1-0-0/TopologyQueryLanguage" xmlns:ns5="http://www.hp.com/ucmdb/1-0-0/PolicyRuleDefinition">
    <resource xsi:type="tql:Query" name="AM Installed Software Push 2.0" is-active="false" priority="low" xmlns:xsi="http://www.w3.org/2001/XMLSchema-instance">
        <tql:node class="inventory_scanner" name="InventoryScanner" id="11">
            <tql:where>
                <tql:data-stores>
                    <tql:data-store>UCMDB</tql:data-store>
                </tql:data-stores>
            </tql:where>
            <tql:content>
                <tql:properties>
                    <tql:property name="startup_time"/>
                </tql:properties>
            </tql:content>
        </tql:node>
        <tql:node class="node" name="Node" id="12">
            <tql:where>
                <tql:properties>
                    <tql:and>
                        <tql:not>
                            <tql:and>
                                <tql:is-null>
                                    <tql:property-ref name="vendor"/>
                                </tql:is-null>
                                <tql:is-null>
                                    <tql:property-ref name="discovered_vendor"/>
                                </tql:is-null>
                            </tql:and>
                        </tql:not>
                        <tql:not>
                            <tql:and>
                                <tql:is-null>
                                    <tql:property-ref name="discovered_model"/>
                                </tql:is-null>
                                <tql:is-null>
                                    <tql:property-ref name="node_model"/>
                                </tql:is-null>
                            </tql:and>
                        </tql:not>
                        <tql:not>
                            <tql:is-null>
                                <tql:property-ref name="serial_number"/>
                            </tql:is-null>
                        </tql:not>
                        <tql:not>
                            <tql:is-null>
                                <tql:property-ref name="node_role"/>
                            </tql:is-null>
                        </tql:not>
                    </tql:and>
                </tql:properties>
                <tql:data-stores>
                    <tql:data-store>UCMDB</tql:data-store>
                </tql:data-stores>
                <tql:links>
                    <tql:link-ref name="Composition_2" min-occurs="0"/>
                    <tql:link-ref name="Composition"/>
                </tql:links>
            </tql:where>
            <tql:content>
                <tql:properties>
                    <tql:property name="os_description"/>
                    <tql:property name="discovered_os_name"/>
                    <tql:property name="root_lastaccesstime"/>
                    <tql:property name="host_key"/>
                    <tql:property name="host_osrelease"/>
                    <tql:property name="node_family"/>
                    <tql:property name="swap_memory_size"/>
                    <tql:property name="memory_size"/>
                    <tql:property name="os_family"/>
                    <tql:property name="host_isvirtual"/>
                    <tql:property name="node_role"/>
                    <tql:property name="name"/>
                    <tql:property name="bios_asset_tag"/>
                    <tql:property name="domain_name"/>
                    <tql:property name="net_bios_name"/>
                    <tql:property name="root_iscandidatefordeletion"/>
                    <tql:property name="snmp_sys_name"/>
                    <tql:property name="discovered_vendor"/>
                    <tql:property name="root_class"/>
                    <tql:property name="vendor"/>
                    <tql:property name="primary_dns_name"/>
                    <tql:property name="global_id"/>
                    <tql:property name="default_gateway_ip_address"/>
                    <tql:property name="discovered_model"/>
                    <tql:property name="node_model"/>
                    <tql:property name="serial_number"/>
                </tql:properties>
            </tql:content>
        </tql:node>
        <tql:node class="installed_software" name="Root" id="13">
            <tql:where>
                <tql:properties>
                    <tql:and>
                        <tql:not>
                            <tql:is-null>
                                <tql:property-ref name="file_system_path"/>
                            </tql:is-null>
                        </tql:not>
                        <tql:not>
                            <tql:and>
                                <tql:is-null>
                                    <tql:property-ref name="discovered_vendor"/>
                                </tql:is-null>
                                <tql:is-null>
                                    <tql:property-ref name="vendor"/>
                                </tql:is-null>
                            </tql:and>
                        </tql:not>
                        <tql:not>
                            <tql:and>
                                <tql:is-null>
                                    <tql:property-ref name="sai_version_id"/>
                                </tql:is-null>
                                <tql:or>
                                    <tql:is-null>
                                        <tql:property-ref name="version"/>
                                    </tql:is-null>
                                    <tql:and>
                                        <tql:is-null>
                                            <tql:property-ref name="name"/>
                                        </tql:is-null>
                                        <tql:is-null>
                                            <tql:property-ref name="dml_product_name"/>
                                        </tql:is-null>
                                    </tql:and>
                                </tql:or>
                            </tql:and>
                        </tql:not>
                    </tql:and>
                </tql:properties>
                <tql:data-stores>
                    <tql:data-store>UCMDB</tql:data-store>
                </tql:data-stores>
            </tql:where>
            <tql:content>
                <tql:properties>
                    <tql:property name="infocus_usage_hours_last_quarter"/>
                    <tql:property name="file_system_path"/>
                    <tql:property name="sai_version_id"/>
                    <tql:property name="infocus_usage_percent"/>
                    <tql:property name="version"/>
                    <tql:property name="is_suite_component"/>
                    <tql:property name="usage_percent"/>
                    <tql:property name="description"/>
                    <tql:property name="name"/>
                    <tql:property name="usage_days_last_year"/>
                    <tql:property name="software_category_id"/>
                    <tql:property name="infocus_usage_hours_last_year_daily_peak"/>
                    <tql:property name="infocus_usage_hours_last_month"/>
                    <tql:property name="discovered_vendor"/>
                    <tql:property name="infocus_usage_hours_last_year"/>
                    <tql:property name="usage_last_used"/>
                    <tql:property name="usage_hours_last_month"/>
                    <tql:property name="vendor"/>
                    <tql:property name="global_id"/>
                    <tql:property name="usage_days_last_quarter"/>
                    <tql:property name="infocus_usage_days_last_year"/>
                    <tql:property name="infocus_usage_days_last_month"/>
                    <tql:property name="last_used_date"/>
                    <tql:property name="infocus_usage_last_used"/>
                    <tql:property name="usage_days_last_month"/>
                    <tql:property name="dml_product_name"/>
                    <tql:property name="usage_hours_last_year_daily_peak"/>
                    <tql:property name="infocus_usage_days_last_quarter"/>
                    <tql:property name="usage_hours_last_quarter"/>
                    <tql:property name="usage_hours_last_year"/>
					<tql:property name="TenantOwner"/>
                </tql:properties>
            </tql:content>
        </tql:node>
        <tql:link from="Node" to="InventoryScanner" class="composition" name="Composition_2" id="14"/>
        <tql:link from="Node" to="Root" class="composition" name="Composition" id="15"/>
    </resource>
    <resourceBundle>integration_tqls_bundle</resourceBundle>
</resource:XmlResourceWrapper>
