<?xml version="1.0" encoding="UTF-8" standalone="yes"?>
<resource:XmlResourceWrapper xmlns:ns4="http://www.hp.com/ucmdb/1-0-0/ViewDefinition" xmlns:resource="http://www.hp.com/ucmdb/1-0-0/ResourceDefinition" xmlns:tql="http://www.hp.com/ucmdb/1-0-0/TopologyQueryLanguage">
    <resource xsi:type="tql:Query" name="AM Net Device Relations Push 2.0" is-active="false" priority="low" xmlns:xsi="http://www.w3.org/2001/XMLSchema-instance">
        <tql:node class="node" name="NetDevice_1" id="12">
            <tql:where>
                <tql:properties>
                    <tql:and>
                        <tql:not>
                            <tql:and>
                                <tql:is-null>
                                    <tql:property-ref name="vendor"/>
                                </tql:is-null>
                                <tql:is-null>
                                    <tql:property-ref name="discovered_vendor"/>
                                </tql:is-null>
                            </tql:and>
                        </tql:not>
                        <tql:not>
                            <tql:and>
                                <tql:is-null>
                                    <tql:property-ref name="node_model"/>
                                </tql:is-null>
                                <tql:is-null>
                                    <tql:property-ref name="discovered_model"/>
                                </tql:is-null>
                            </tql:and>
                        </tql:not>
                        <tql:not>
                            <tql:is-null>
                                <tql:property-ref name="serial_number"/>
                            </tql:is-null>
                        </tql:not>
                        <tql:or>
                            <tql:contains>
                                <tql:property-ref name="node_role"/>
                                <tql:string>router</tql:string>
                            </tql:contains>
                            <tql:contains>
                                <tql:property-ref name="node_role"/>
                                <tql:string>adsl_modem</tql:string>
                            </tql:contains>
                            <tql:contains>
                                <tql:property-ref name="node_role"/>
                                <tql:string>appletalk_gateway</tql:string>
                            </tql:contains>
                            <tql:contains>
                                <tql:property-ref name="node_role"/>
                                <tql:string>bandwith_manager</tql:string>
                            </tql:contains>
                            <tql:contains>
                                <tql:property-ref name="node_role"/>
                                <tql:string>cable_model</tql:string>
                            </tql:contains>
                            <tql:contains>
                                <tql:property-ref name="node_role"/>
                                <tql:string>csu_dsu</tql:string>
                            </tql:contains>
                            <tql:contains>
                                <tql:property-ref name="node_role"/>
                                <tql:string>ethernet</tql:string>
                            </tql:contains>
                            <tql:contains>
                                <tql:property-ref name="node_role"/>
                                <tql:string>fddi</tql:string>
                            </tql:contains>
                            <tql:contains>
                                <tql:property-ref name="node_role"/>
                                <tql:string>firewall</tql:string>
                            </tql:contains>
                            <tql:contains>
                                <tql:property-ref name="node_role"/>
                                <tql:string>hub</tql:string>
                            </tql:contains>
                            <tql:contains>
                                <tql:property-ref name="node_role"/>
                                <tql:string>kvm_switch</tql:string>
                            </tql:contains>
                            <tql:contains>
                                <tql:property-ref name="node_role"/>
                                <tql:string>load_balancer</tql:string>
                            </tql:contains>
                            <tql:contains>
                                <tql:property-ref name="node_role"/>
                                <tql:string>multicast_enabled_router</tql:string>
                            </tql:contains>
                            <tql:contains>
                                <tql:property-ref name="node_role"/>
                                <tql:string>nat_router</tql:string>
                            </tql:contains>
                            <tql:contains>
                                <tql:property-ref name="node_role"/>
                                <tql:string>token_ring</tql:string>
                            </tql:contains>
                            <tql:contains>
                                <tql:property-ref name="node_role"/>
                                <tql:string>undefined_network_component</tql:string>
                            </tql:contains>
                            <tql:contains>
                                <tql:property-ref name="node_role"/>
                                <tql:string>voice_gateway</tql:string>
                            </tql:contains>
                            <tql:contains>
                                <tql:property-ref name="node_role"/>
                                <tql:string>voice_switch</tql:string>
                            </tql:contains>
                            <tql:contains>
                                <tql:property-ref name="node_role"/>
                                <tql:string>vpn_gateway</tql:string>
                            </tql:contains>
                            <tql:contains>
                                <tql:property-ref name="node_role"/>
                                <tql:string>wireless_access_point</tql:string>
                            </tql:contains>
                            <tql:contains>
                                <tql:property-ref name="node_role"/>
                                <tql:string>atm_switch</tql:string>
                            </tql:contains>
                            <tql:contains>
                                <tql:property-ref name="node_role"/>
                                <tql:string>frame_relay_switch</tql:string>
                            </tql:contains>
                            <tql:contains>
                                <tql:property-ref name="node_role"/>
                                <tql:string>lan_switch</tql:string>
                            </tql:contains>
                        </tql:or>
                    </tql:and>
                </tql:properties>
                <tql:data-stores>
                    <tql:data-store>UCMDB</tql:data-store>
                </tql:data-stores>
            </tql:where>
        </tql:node>
        <tql:node class="node" name="NetDevice" id="13">
            <tql:where>
                <tql:properties>
                    <tql:and>
                        <tql:not>
                            <tql:and>
                                <tql:is-null>
                                    <tql:property-ref name="vendor"/>
                                </tql:is-null>
                                <tql:is-null>
                                    <tql:property-ref name="discovered_vendor"/>
                                </tql:is-null>
                            </tql:and>
                        </tql:not>
                        <tql:not>
                            <tql:and>
                                <tql:is-null>
                                    <tql:property-ref name="node_model"/>
                                </tql:is-null>
                                <tql:is-null>
                                    <tql:property-ref name="discovered_model"/>
                                </tql:is-null>
                            </tql:and>
                        </tql:not>
                        <tql:not>
                            <tql:is-null>
                                <tql:property-ref name="serial_number"/>
                            </tql:is-null>
                        </tql:not>
                        <tql:or>
                            <tql:contains>
                                <tql:property-ref name="node_role"/>
                                <tql:string>router</tql:string>
                            </tql:contains>
                            <tql:contains>
                                <tql:property-ref name="node_role"/>
                                <tql:string>adsl_modem</tql:string>
                            </tql:contains>
                            <tql:contains>
                                <tql:property-ref name="node_role"/>
                                <tql:string>appletalk_gateway</tql:string>
                            </tql:contains>
                            <tql:contains>
                                <tql:property-ref name="node_role"/>
                                <tql:string>bandwith_manager</tql:string>
                            </tql:contains>
                            <tql:contains>
                                <tql:property-ref name="node_role"/>
                                <tql:string>cable_model</tql:string>
                            </tql:contains>
                            <tql:contains>
                                <tql:property-ref name="node_role"/>
                                <tql:string>csu_dsu</tql:string>
                            </tql:contains>
                            <tql:contains>
                                <tql:property-ref name="node_role"/>
                                <tql:string>ethernet</tql:string>
                            </tql:contains>
                            <tql:contains>
                                <tql:property-ref name="node_role"/>
                                <tql:string>fddi</tql:string>
                            </tql:contains>
                            <tql:contains>
                                <tql:property-ref name="node_role"/>
                                <tql:string>firewall</tql:string>
                            </tql:contains>
                            <tql:contains>
                                <tql:property-ref name="node_role"/>
                                <tql:string>hub</tql:string>
                            </tql:contains>
                            <tql:contains>
                                <tql:property-ref name="node_role"/>
                                <tql:string>kvm_switch</tql:string>
                            </tql:contains>
                            <tql:contains>
                                <tql:property-ref name="node_role"/>
                                <tql:string>load_balancer</tql:string>
                            </tql:contains>
                            <tql:contains>
                                <tql:property-ref name="node_role"/>
                                <tql:string>multicast_enabled_router</tql:string>
                            </tql:contains>
                            <tql:contains>
                                <tql:property-ref name="node_role"/>
                                <tql:string>nat_router</tql:string>
                            </tql:contains>
                            <tql:contains>
                                <tql:property-ref name="node_role"/>
                                <tql:string>token_ring</tql:string>
                            </tql:contains>
                            <tql:contains>
                                <tql:property-ref name="node_role"/>
                                <tql:string>undefined_network_component</tql:string>
                            </tql:contains>
                            <tql:contains>
                                <tql:property-ref name="node_role"/>
                                <tql:string>voice_gateway</tql:string>
                            </tql:contains>
                            <tql:contains>
                                <tql:property-ref name="node_role"/>
                                <tql:string>voice_switch</tql:string>
                            </tql:contains>
                            <tql:contains>
                                <tql:property-ref name="node_role"/>
                                <tql:string>vpn_gateway</tql:string>
                            </tql:contains>
                            <tql:contains>
                                <tql:property-ref name="node_role"/>
                                <tql:string>wireless_access_point</tql:string>
                            </tql:contains>
                            <tql:contains>
                                <tql:property-ref name="node_role"/>
                                <tql:string>atm_switch</tql:string>
                            </tql:contains>
                            <tql:contains>
                                <tql:property-ref name="node_role"/>
                                <tql:string>frame_relay_switch</tql:string>
                            </tql:contains>
                            <tql:contains>
                                <tql:property-ref name="node_role"/>
                                <tql:string>lan_switch</tql:string>
                            </tql:contains>
                        </tql:or>
                    </tql:and>
                </tql:properties>
                <tql:data-stores>
                    <tql:data-store>UCMDB</tql:data-store>
                </tql:data-stores>
            </tql:where>
            <tql:content>
                <tql:properties>
					<tql:property name="TenantOwner"/>
                </tql:properties>
            </tql:content>
        </tql:node>
        <tql:link from="NetDevice" to="NetDevice_1" class="managed_relationship" name="Root" id="11"/>
    </resource>
    <resourceBundle>integration_tqls_bundle</resourceBundle>
</resource:XmlResourceWrapper>
