<?xml version="1.0" encoding="UTF-8" standalone="yes"?>
<resource:XmlResourceWrapper xmlns:ns4="http://www.hp.com/ucmdb/1-0-0/ViewDefinition" xmlns:ns3="http://www.hp.com/ucmdb/1-0-0/PolicyRuleDefinition" xmlns:resource="http://www.hp.com/ucmdb/1-0-0/ResourceDefinition" xmlns:tql="http://www.hp.com/ucmdb/1-0-0/TopologyQueryLanguage">
    <resource xsi:type="tql:Query" name="AM Node Push 2.0" is-active="false" priority="low" xmlns:xsi="http://www.w3.org/2001/XMLSchema-instance">
        <tql:node class="file_system" name="File_System" id="38">
            <tql:where>
                <tql:properties>
                    <tql:not>
                        <tql:is-null>
                            <tql:property-ref name="mount_point"/>
                        </tql:is-null>
                    </tql:not>
                </tql:properties>
                <tql:data-stores>
                    <tql:data-store>UCMDB</tql:data-store>
                </tql:data-stores>
            </tql:where>
            <tql:content>
                <tql:properties>
                    <tql:property name="filesystem_type"/>
                    <tql:property name="disk_size"/>
                    <tql:property name="display_label"/>
                    <tql:property name="name"/>
                    <tql:property name="disk_type"/>
                    <tql:property name="global_id"/>
                    <tql:property name="mount_point"/>
                </tql:properties>
            </tql:content>
        </tql:node>
        <tql:node class="ip_address" name="ip_address" id="39">
            <tql:where>
                <tql:data-stores>
                    <tql:data-store>UCMDB</tql:data-store>
                </tql:data-stores>
            </tql:where>
            <tql:content>
                <tql:properties>
                    <tql:property name="ip_address_type"/>
                    <tql:property name="ip_address_property"/>
                    <tql:property name="name"/>
                    <tql:property name="ip_address_value"/>
                    <tql:property name="ip_netmask"/>
                </tql:properties>
            </tql:content>
        </tql:node>
        <tql:node class="interface" name="Interface" id="37">
            <tql:where>
                <tql:properties>
                    <tql:and>
                        <tql:not>
                            <tql:is-null>
                                <tql:property-ref name="mac_address"/>
                            </tql:is-null>
                        </tql:not>
                        <tql:not>
                            <tql:is-null>
                                <tql:property-ref name="interface_index"/>
                            </tql:is-null>
                        </tql:not>
                    </tql:and>
                </tql:properties>
                <tql:data-stores>
                    <tql:data-store>UCMDB</tql:data-store>
                </tql:data-stores>
                <tql:links>
                    <tql:link-ref name="Containment_1" min-occurs="0"/>
                    <tql:link-ref name="Composition_6"/>
                </tql:links>
            </tql:where>
            <tql:content>
                <tql:properties>
                    <tql:property name="mac_address"/>
                    <tql:property name="interface_type"/>
                    <tql:property name="interface_description"/>
                    <tql:property name="primary_wins"/>
                    <tql:property name="global_id"/>
                    <tql:property name="secondary_wins"/>
                    <tql:property name="interface_name"/>
                    <tql:property name="interface_index"/>
                </tql:properties>
            </tql:content>
        </tql:node>
        <tql:node class="node" name="Root" id="40">
            <tql:where>
                <tql:properties>
                    <tql:and>
                        <tql:not>
                            <tql:is-null>
                                <tql:property-ref name="node_role"/>
                            </tql:is-null>
                        </tql:not>
                        <tql:not>
                            <tql:and>
                                <tql:is-null>
                                    <tql:property-ref name="vendor"/>
                                </tql:is-null>
                                <tql:is-null>
                                    <tql:property-ref name="discovered_vendor"/>
                                </tql:is-null>
                            </tql:and>
                        </tql:not>
                        <tql:not>
                            <tql:and>
                                <tql:is-null>
                                    <tql:property-ref name="node_model"/>
                                </tql:is-null>
                                <tql:is-null>
                                    <tql:property-ref name="discovered_model"/>
                                </tql:is-null>
                            </tql:and>
                        </tql:not>
                        <tql:not>
                            <tql:is-null>
                                <tql:property-ref name="serial_number"/>
                            </tql:is-null>
                        </tql:not>
                    </tql:and>
                </tql:properties>
                <tql:data-stores>
                    <tql:data-store>UCMDB</tql:data-store>
                </tql:data-stores>
                <tql:links>
                    <tql:link-ref name="Composition_10" min-occurs="0"/>
                    <tql:link-ref name="Composition_6" min-occurs="0"/>
                    <tql:link-ref name="Composition" min-occurs="0"/>
                    <tql:link-ref name="Composition_5" min-occurs="0"/>
                    <tql:link-ref name="Composition_7" min-occurs="0"/>
                    <tql:link-ref name="Connection" min-occurs="0"/>
                    <tql:link-ref name="Composition_1" min-occurs="0"/>
                    <tql:link-ref name="Composition_2" min-occurs="0"/>
                    <tql:link-ref name="Containment" min-occurs="0"/>
                    <tql:link-ref name="Composition_3" min-occurs="0"/>
                    <tql:link-ref name="Composition_4" min-occurs="0"/>
                    <tql:link-ref name="Composition_8" min-occurs="0"/>
                    <tql:link-ref name="Composition_9" min-occurs="0"/>
                </tql:links>
            </tql:where>
            <tql:content>
                <tql:properties>
                    <tql:property name="discovered_os_name"/>
                    <tql:property name="os_description"/>
                    <tql:property name="host_key"/>
                    <tql:property name="root_lastaccesstime"/>
                    <tql:property name="host_osrelease"/>
                    <tql:property name="node_family"/>
                    <tql:property name="swap_memory_size"/>
                    <tql:property name="memory_size"/>
                    <tql:property name="os_family"/>
                    <tql:property name="host_isvirtual"/>
                    <tql:property name="node_role"/>
                    <tql:property name="discovered_os_version"/>
                    <tql:property name="name"/>
                    <tql:property name="bios_asset_tag"/>
                    <tql:property name="domain_name"/>
                    <tql:property name="net_bios_name"/>
                    <tql:property name="root_iscandidatefordeletion"/>
                    <tql:property name="snmp_sys_name"/>
                    <tql:property name="discovered_vendor"/>
                    <tql:property name="root_class"/>
                    <tql:property name="vendor"/>
                    <tql:property name="primary_dns_name"/>
                    <tql:property name="global_id"/>
                    <tql:property name="default_gateway_ip_address"/>
                    <tql:property name="node_model"/>
                    <tql:property name="discovered_model"/>
                    <tql:property name="serial_number"/>
                    <tql:property name="primary_ip_address"/>
                    <tql:property name="bios_source"/>
                    <tql:property name="TenantOwner"/>
                </tql:properties>
                <tql:by-type type-name="nt">
                    <tql:properties>
                        <tql:property name="nt_workgroup"/>
                        <tql:property name="os_description"/>
                        <tql:property name="discovered_os_name"/>
                        <tql:property name="root_lastaccesstime"/>
                        <tql:property name="host_key"/>
                        <tql:property name="host_osrelease"/>
                        <tql:property name="node_family"/>
                        <tql:property name="swap_memory_size"/>
                        <tql:property name="memory_size"/>
                        <tql:property name="os_family"/>
                        <tql:property name="host_isvirtual"/>
                        <tql:property name="node_role"/>
                        <tql:property name="discovered_os_version"/>
                        <tql:property name="name"/>
                        <tql:property name="bios_asset_tag"/>
                        <tql:property name="domain_name"/>
                        <tql:property name="net_bios_name"/>
                        <tql:property name="root_iscandidatefordeletion"/>
                        <tql:property name="snmp_sys_name"/>
                        <tql:property name="discovered_vendor"/>
                        <tql:property name="root_class"/>
                        <tql:property name="vendor"/>
                        <tql:property name="global_id"/>
                        <tql:property name="primary_dns_name"/>
                        <tql:property name="default_gateway_ip_address"/>
                        <tql:property name="discovered_model"/>
                        <tql:property name="node_model"/>
                        <tql:property name="serial_number"/>
                        <tql:property name="nt_servicepack"/>
                        <tql:property name="primary_ip_address"/>
						<tql:property name="bios_source"/>
						<tql:property name="TenantOwner"/>
                    </tql:properties>
                </tql:by-type>
            </tql:content>
        </tql:node>
        <tql:node class="printer" name="Printer" id="41">
            <tql:where>
                <tql:data-stores>
                    <tql:data-store>UCMDB</tql:data-store>
                </tql:data-stores>
            </tql:where>
            <tql:content>
                <tql:properties>
                    <tql:property name="global_id"/>
                    <tql:property name="name"/>
                </tql:properties>
            </tql:content>
        </tql:node>
        <tql:node class="virtual_host_resource" name="Virtual_Host_Resource" id="11">
            <tql:where>
                <tql:data-stores>
                    <tql:data-store>UCMDB</tql:data-store>
                </tql:data-stores>
            </tql:where>
            <tql:content>
                <tql:properties>
                    <tql:property name="root_class"/>
                </tql:properties>
                <tql:by-type type-name="kvm_domain_config">
                    <tql:properties>
                        <tql:property name="kvm_cpu_count"/>
                        <tql:property name="root_class"/>
                    </tql:properties>
                </tql:by-type>
                <tql:by-type type-name="vmware_host_resource">
                    <tql:properties>
                        <tql:property name="vm_num_cpus"/>
                        <tql:property name="root_class"/>
                    </tql:properties>
                </tql:by-type>
                <tql:by-type type-name="xen_domain_config">
                    <tql:properties>
                        <tql:property name="xen_cpu_count"/>
                        <tql:property name="root_class"/>
                    </tql:properties>
                </tql:by-type>
                <tql:by-type type-name="solaris_zone_config">
                    <tql:properties>
                        <tql:property name="dedicated_cpu_ncpus"/>
                        <tql:property name="root_class"/>
                    </tql:properties>
                </tql:by-type>
                <tql:by-type type-name="ibm_lpar_profile">
                    <tql:properties>
                        <tql:property name="online_virtual_cpu"/>
                        <tql:property name="active_cpu_in_pool"/>
                        <tql:property name="lpar_mode"/>
                        <tql:property name="proc_mode"/>
                        <tql:property name="root_class"/>
                        <tql:property name="shared_pool_id"/>
                        <tql:property name="entitled_capacity"/>
                    </tql:properties>
                </tql:by-type>
                <tql:by-type type-name="hp_vpar_config">
                    <tql:properties>
                        <tql:property name="unbound_cpus"/>
                        <tql:property name="root_class"/>
                    </tql:properties>
                </tql:by-type>
            </tql:content>
        </tql:node>
        <tql:node class="physical_port" name="PhysicalPort" id="12">
            <tql:where>
                <tql:data-stores>
                    <tql:data-store>UCMDB</tql:data-store>
                </tql:data-stores>
            </tql:where>
        </tql:node>
        <tql:node class="ip_address" name="ip_address_inter" id="14">
            <tql:where>
                <tql:data-stores>
                    <tql:data-store>UCMDB</tql:data-store>
                </tql:data-stores>
            </tql:where>
            <tql:content>
                <tql:properties>
                    <tql:property name="ip_address_type"/>
                    <tql:property name="ip_address_property"/>
                    <tql:property name="name"/>
                    <tql:property name="authoritative_dns_name"/>
                    <tql:property name="routing_domain"/>
                    <tql:property name="ip_address_value"/>
                    <tql:property name="ip_netmask"/>
                </tql:properties>
            </tql:content>
        </tql:node>
        <tql:node class="logical_volume" name="Logical_volume" id="15">
            <tql:where>
                <tql:data-stores>
                    <tql:data-store>UCMDB</tql:data-store>
                </tql:data-stores>
            </tql:where>
            <tql:content>
                <tql:properties>
                    <tql:property name="name"/>
                    <tql:property name="logicalvolume_free"/>
                </tql:properties>
            </tql:content>
        </tql:node>
        <tql:node class="display_monitor" name="Display_Monitor" id="16">
            <tql:where>
                <tql:properties>
                    <tql:and>
                        <tql:not>
                            <tql:is-null>
                                <tql:property-ref name="serial_number"/>
                            </tql:is-null>
                        </tql:not>
                        <tql:not>
                            <tql:is-null>
                                <tql:property-ref name="name"/>
                            </tql:is-null>
                        </tql:not>
                        <tql:not>
                            <tql:is-null>
                                <tql:property-ref name="vendor"/>
                            </tql:is-null>
                        </tql:not>
                    </tql:and>
                </tql:properties>
                <tql:data-stores>
                    <tql:data-store>UCMDB</tql:data-store>
                </tql:data-stores>
            </tql:where>
            <tql:content>
                <tql:properties>
                    <tql:property name="global_id"/>
                    <tql:property name="vendor"/>
                    <tql:property name="name"/>
                    <tql:property name="serial_number"/>
                    <tql:property name="monitor_size_x"/>
                    <tql:property name="monitor_size_y"/>
                    <tql:property name="monitor_manufacture_year"/>
                </tql:properties>
            </tql:content>
        </tql:node>
        <tql:node class="disk_device" name="Disk_Device" id="20">
            <tql:where>
                <tql:data-stores>
                    <tql:data-store>UCMDB</tql:data-store>
                </tql:data-stores>
            </tql:where>
            <tql:content>
                <tql:properties>
                    <tql:property name="disk_size"/>
                    <tql:property name="name"/>
                    <tql:property name="disk_type"/>
                    <tql:property name="global_id"/>
                </tql:properties>
            </tql:content>
        </tql:node>
        <tql:node class="hardware_board" name="Hardware_Board" id="22">
            <tql:where>
                <tql:data-stores>
                    <tql:data-store>UCMDB</tql:data-store>
                </tql:data-stores>
            </tql:where>
            <tql:content>
                <tql:properties>
                    <tql:property name="vendor"/>
                    <tql:property name="global_id"/>
                    <tql:property name="name"/>
                    <tql:property name="type"/>
                    <tql:property name="root_class"/>
                    <tql:property name="vendor_card_id"/>
                </tql:properties>
                <tql:by-type type-name="graphics_adapter">
                    <tql:properties>
                        <tql:property name="current_display_mode_resolution_x"/>
                        <tql:property name="current_display_mode_colour_depth"/>
                        <tql:property name="current_display_mode_resolution_y"/>
                        <tql:property name="vendor"/>
                        <tql:property name="global_id"/>
                        <tql:property name="name"/>
                        <tql:property name="type"/>
                        <tql:property name="root_class"/>
                        <tql:property name="vendor_card_id"/>
                    </tql:properties>
				</tql:by-type>
            </tql:content>
        </tql:node>
        <tql:node class="vmware_host_resource" name="VMWare_Host_Resource" id="27">
            <tql:where>
                <tql:data-stores>
                    <tql:data-store>UCMDB</tql:data-store>
                </tql:data-stores>
            </tql:where>
            <tql:content>
                <tql:properties>
                    <tql:property name="vm_memory_limit"/>
                    <tql:property name="root_class"/>
                    <tql:property name="vm_memory_reservation"/>
                    <tql:property name="vm_status"/>
                </tql:properties>
            </tql:content>
        </tql:node>
        <tql:node class="asset" name="Asset" id="26">
            <tql:where>
                <tql:data-stores>
                    <tql:data-store>UCMDB</tql:data-store>
                </tql:data-stores>
            </tql:where>
            <tql:content>
                <tql:properties>
                    <tql:property name="global_id"/>
                    <tql:property name="asset_tag"/>
                </tql:properties>
            </tql:content>
        </tql:node>
        <tql:node class="cpu" name="cpu" id="31">
            <tql:where>
                <tql:data-stores>
                    <tql:data-store>UCMDB</tql:data-store>
                </tql:data-stores>
            </tql:where>
            <tql:content>
                <tql:properties>
                    <tql:property name="cpu_specifier"/>
                    <tql:property name="cpu_clock_speed"/>
                    <tql:property name="name"/>
                    <tql:property name="core_number"/>
                    <tql:property name="logical_cpu_count"/>
                    <tql:property name="cpu_type"/>
                </tql:properties>
            </tql:content>
        </tql:node>
        <tql:node class="inventory_scanner" name="InventoryScanner" id="30">
            <tql:where>
                <tql:data-stores>
                    <tql:data-store>UCMDB</tql:data-store>
                </tql:data-stores>
            </tql:where>
            <tql:content>
                <tql:properties>
                    <tql:property name="description"/>
                    <tql:property name="startup_time"/>
                    <tql:property name="version"/>
                </tql:properties>
            </tql:content>
        </tql:node>
        <tql:link from="Root" to="cpu" class="composition" name="Composition_1" id="34"/>
        <tql:link from="Root" to="Printer" class="composition" name="Composition_4" id="35"/>
        <tql:link from="Root" to="Hardware_Board" class="composition" name="Composition_10" id="32"/>
        <tql:link from="Root" to="InventoryScanner" class="composition" name="Composition_2" id="33"/>
        <tql:link from="Root" to="PhysicalPort" class="composition" name="Composition_3" id="36"/>
        <tql:link from="Asset" to="Root" class="connection" name="Connection" id="13"/>
        <tql:link from="File_System" to="Logical_volume" class="dependency" name="Dependency" id="17"/>
        <tql:link from="Interface" to="ip_address_inter" class="containment" name="Containment_1" id="19"/>
        <tql:link from="Root" to="VMWare_Host_Resource" class="composition" name="Composition_9" id="18"/>
        <tql:link from="Root" to="Disk_Device" class="composition" name="Composition_7" id="21"/>
        <tql:link from="Root" to="Virtual_Host_Resource" class="composition" name="Composition_8" id="23"/>
        <tql:link from="Root" to="Interface" class="composition" name="Composition_6" id="25"/>
        <tql:link from="Root" to="File_System" class="composition" name="Composition_5" id="24"/>
        <tql:link from="Root" to="Display_Monitor" class="composition" name="Composition" id="29"/>
        <tql:link from="Root" to="ip_address" class="containment" name="Containment" id="28"/>
    </resource>
    <resourceBundle>integration_tqls_bundle</resourceBundle>
</resource:XmlResourceWrapper>
