<?xml version="1.0" encoding="UTF-8" standalone="yes"?>
<resource:XmlResourceWrapper xmlns:ns4="http://www.hp.com/ucmdb/1-0-0/ViewDefinition" xmlns:resource="http://www.hp.com/ucmdb/1-0-0/ResourceDefinition" xmlns:tql="http://www.hp.com/ucmdb/1-0-0/TopologyQueryLanguage" xmlns:ns5="http://www.hp.com/ucmdb/1-0-0/PolicyRuleDefinition">
    <resource xsi:type="tql:Query" name="AM Oracle LMS Push 2.0" is-active="false" priority="low" xmlns:xsi="http://www.w3.org/2001/XMLSchema-instance">
        <tql:node class="oracle" name="PRIMARY" id="16">
            <tql:where>
                <tql:properties>
                    <tql:equals>
                        <tql:property-ref name="database_role"/>
                        <tql:string>PRIMARY</tql:string>
                    </tql:equals>
                </tql:properties>
                <tql:data-stores>
                    <tql:data-store>UCMDB</tql:data-store>
                </tql:data-stores>
            </tql:where>
        </tql:node>
        <tql:node class="installed_software" name="InstalledSoftware" id="15">
            <tql:where>
                <tql:properties>
                    <tql:and>
                        <tql:not>
                            <tql:is-null>
                                <tql:property-ref name="file_system_path"/>
                            </tql:is-null>
                        </tql:not>
                        <tql:not>
                            <tql:and>
                                <tql:is-null>
                                    <tql:property-ref name="discovered_vendor"/>
                                </tql:is-null>
                                <tql:is-null>
                                    <tql:property-ref name="vendor"/>
                                </tql:is-null>
                            </tql:and>
                        </tql:not>
                        <tql:not>
                            <tql:and>
                                <tql:is-null>
                                    <tql:property-ref name="sai_version_id"/>
                                </tql:is-null>
                                <tql:or>
                                    <tql:is-null>
                                        <tql:property-ref name="version"/>
                                    </tql:is-null>
                                    <tql:and>
                                        <tql:is-null>
                                            <tql:property-ref name="name"/>
                                        </tql:is-null>
                                        <tql:is-null>
                                            <tql:property-ref name="dml_product_name"/>
                                        </tql:is-null>
                                    </tql:and>
                                </tql:or>
                            </tql:and>
                        </tql:not>
                    </tql:and>
                </tql:properties>
                <tql:data-stores>
                    <tql:data-store>UCMDB</tql:data-store>
                </tql:data-stores>
            </tql:where>
        </tql:node>
        <tql:node class="audit_document" name="Doc" id="11">
            <tql:where>
                <tql:properties>
                    <tql:and>
                        <tql:equals>
                            <tql:property-ref name="name"/>
                            <tql:string>Oracle LMS Audit Discovery Data</tql:string>
                        </tql:equals>
                        <tql:not>
                            <tql:is-null>
                                <tql:property-ref name="document_content"/>
                            </tql:is-null>
                        </tql:not>
                    </tql:and>
                </tql:properties>
                <tql:data-stores>
                    <tql:data-store>UCMDB</tql:data-store>
                </tql:data-stores>
            </tql:where>
            <tql:content>
                <tql:properties>
                    <tql:property name="document_content"/>
                </tql:properties>
            </tql:content>
        </tql:node>
        <tql:node class="oracle_data_guard" name="OracleDataGuard" id="22">
            <tql:where>
                <tql:data-stores>
                    <tql:data-store>UCMDB</tql:data-store>
                </tql:data-stores>
            </tql:where>
        </tql:node>
        <tql:node class="audit_document" name="Doc_PRIMARY" id="23">
            <tql:where>
                <tql:properties>
                    <tql:and>
                        <tql:equals>
                            <tql:property-ref name="name"/>
                            <tql:string>Oracle LMS Audit Discovery Data</tql:string>
                        </tql:equals>
                        <tql:not>
                            <tql:is-null>
                                <tql:property-ref name="document_content"/>
                            </tql:is-null>
                        </tql:not>
                    </tql:and>
                </tql:properties>
                <tql:data-stores>
                    <tql:data-store>UCMDB</tql:data-store>
                </tql:data-stores>
            </tql:where>
            <tql:content>
                <tql:properties>
                    <tql:property name="document_content"/>
                </tql:properties>
            </tql:content>
        </tql:node>
        <tql:node class="oracle" name="Root" id="13">
            <tql:where>
                <tql:data-stores>
                    <tql:data-store>UCMDB</tql:data-store>
                </tql:data-stores>
                <tql:links>
                    <tql:and>
                        <tql:or>
                            <tql:link-ref name="Managed Relationship"/>
                            <tql:link-ref name="Membership_3"/>
                        </tql:or>
                        <tql:link-ref name="Composition"/>
                        <tql:link-ref name="Dependency" min-occurs="0"/>
                    </tql:and>
                </tql:links>
            </tql:where>
            <tql:content>
                <tql:properties>
                    <tql:property name="database_role"/>
                    <tql:property name="root_lastaccesstime"/>
                    <tql:property name="last_modified_time"/>
                    <tql:property name="description"/>
                    <tql:property name="database_dbversion"/>
                    <tql:property name="global_id"/>
                    <tql:property name="create_time"/>
                    <tql:property name="startup_time"/>
                    <tql:property name="name"/>
                    <tql:property name="language"/>
                    <tql:property name="version"/>
                    <tql:property name="TenantOwner"/>
                </tql:properties>
            </tql:content>
        </tql:node>
        <tql:node class="node" name="Node" id="12">
            <tql:where>
                <tql:properties>
                    <tql:and>
                        <tql:not>
                            <tql:is-null>
                                <tql:property-ref name="node_role"/>
                            </tql:is-null>
                        </tql:not>
                        <tql:not>
                            <tql:and>
                                <tql:is-null>
                                    <tql:property-ref name="vendor"/>
                                </tql:is-null>
                                <tql:is-null>
                                    <tql:property-ref name="discovered_vendor"/>
                                </tql:is-null>
                            </tql:and>
                        </tql:not>
                        <tql:not>
                            <tql:and>
                                <tql:is-null>
                                    <tql:property-ref name="node_model"/>
                                </tql:is-null>
                                <tql:is-null>
                                    <tql:property-ref name="discovered_model"/>
                                </tql:is-null>
                            </tql:and>
                        </tql:not>
                        <tql:not>
                            <tql:is-null>
                                <tql:property-ref name="serial_number"/>
                            </tql:is-null>
                        </tql:not>
                    </tql:and>
                </tql:properties>
                <tql:data-stores>
                    <tql:data-store>UCMDB</tql:data-store>
                </tql:data-stores>
            </tql:where>
        </tql:node>
        <tql:link from="Root" to="InstalledSoftware" class="dependency" name="Dependency" id="24"/>
        <tql:link from="OracleDataGuard" to="Root" class="membership" name="Membership_3" id="18"/>
        <tql:link from="OracleDataGuard" to="PRIMARY" class="membership" name="Membership_2" id="19"/>
        <tql:link from="Node" to="Root" class="composition" name="Composition" id="17"/>
        <tql:link from="Root" to="Doc" class="managed_relationship" name="Managed Relationship" id="14"/>
        <tql:link from="PRIMARY" to="Doc_PRIMARY" class="managed_relationship" name="Managed Relationship_1" id="25"/>
    </resource>
    <resourceBundle>integration_tqls_bundle</resourceBundle>
</resource:XmlResourceWrapper>
