<?xml version="1.0" encoding="UTF-8" standalone="yes"?>
<resource:XmlResourceWrapper xmlns:resource="http://www.hp.com/ucmdb/1-0-0/ResourceDefinition" xmlns:ns4="http://www.hp.com/ucmdb/1-0-0/ViewDefinition" xmlns:tql="http://www.hp.com/ucmdb/1-0-0/TopologyQueryLanguage" xmlns:ns3="http://www.hp.com/ucmdb/1-0-0/PolicyRuleDefinition">
    <resource xsi:type="tql:Query" name="AM Resource Pool Push 2.0" xmlns:xsi="http://www.w3.org/2001/XMLSchema-instance">
        <tql:node class="resource_pool" name="Root" id="13">
            <tql:where>
                <tql:data-stores>
                    <tql:data-store>UCMDB</tql:data-store>
                </tql:data-stores>
            </tql:where>
            <tql:content>
                <tql:by-type type-name="ibm_resource_pool">
                    <tql:properties>
                        <tql:property name="physical_cpus_available"/>
                        <tql:property name="physical_cpus_configurable"/>
                        <tql:property name="TenantOwner"/>
                        <tql:property name="global_id"/>
                        <tql:property name="name"/>
                        <tql:property name="root_container"/>
                        <tql:property name="root_class"/>
                        <tql:property name="pool_id"/>
                    </tql:properties>
                </tql:by-type>
            </tql:content>
        </tql:node>
        <tql:node class="node" name="Node" id="14">
            <tql:where>
                <tql:properties>
                    <tql:and>
                        <tql:not>
                            <tql:is-null>
                                <tql:property-ref name="node_role"/>
                            </tql:is-null>
                        </tql:not>
                        <tql:not>
                            <tql:and>
                                <tql:is-null>
                                    <tql:property-ref name="vendor"/>
                                </tql:is-null>
                                <tql:is-null>
                                    <tql:property-ref name="discovered_vendor"/>
                                </tql:is-null>
                            </tql:and>
                        </tql:not>
                        <tql:not>
                            <tql:and>
                                <tql:is-null>
                                    <tql:property-ref name="node_model"/>
                                </tql:is-null>
                                <tql:is-null>
                                    <tql:property-ref name="discovered_model"/>
                                </tql:is-null>
                            </tql:and>
                        </tql:not>
                        <tql:not>
                            <tql:is-null>
                                <tql:property-ref name="serial_number"/>
                            </tql:is-null>
                        </tql:not>
                    </tql:and>
                </tql:properties>
                <tql:data-stores>
                    <tql:data-store>UCMDB</tql:data-store>
                </tql:data-stores>
            </tql:where>
        </tql:node>
        <tql:compound-link max-depth="5" from="Node" to="Root" class="compound_f" strict-class="true" name="Compound" id="15">
            <tql:inner-node name="0" id="11"/>
            <tql:inner-link name="1" id="12"/>
            <tql:allowed-step class="composition" name="Compound-compound-link1" id="18">
                <tql:from class="ibm_pseries_frame" name="Compound-compound-from-node1" id="16"/>
                <tql:to class="hypervisor" name="Compound-compound-to-node1" id="17"/>
            </tql:allowed-step>
            <tql:allowed-step class="composition" name="Compound-compound-link2" id="21">
                <tql:from class="hypervisor" name="Compound-compound-from-node2" id="19"/>
                <tql:to class="ibm_resource_pool" name="Compound-compound-to-node2" id="20"/>
            </tql:allowed-step>
        </tql:compound-link>
    </resource>
    <resourceBundle>integration_tqls_bundle</resourceBundle>
</resource:XmlResourceWrapper>
