<integration xmlns:xsi="http://www.w3.org/2001/XMLSchema-instance" xsi:noNamespaceSchemaLocation="/am-push-adapter/src/main/resources/schema/am-push-adapter.xsd">
    <info>
        <source name="UCMDB" version="10.20" vendor="Micro Focus"/>
        <target name="AssetManager" version="9.41" vendor="Micro Focus"/>
    </info>
    <import>
        <scriptFile path="mappings.scripts.AMPush"/>
    </import>
    <target_entities>
        <!--Query:  BusinessElement(root class = Business Service)(Root) -->
        <source_instance query-name="AM Business Element Push*" root-element-name="Root">
            <dynamic_mapping name="TenantIdByCode" keys-unique="true">
                <map_property property-name="AQLQuery" datatype="STRING" property-value="SELECT Code, lTenantId FROM amTenant"/>
            </dynamic_mapping>
            <target_entity name="Asset_BusinessElement" type="'IS_amAsset'">
                <variable datatype="INTEGER" name="vTenantId" value="AMPush.getAMTenantID(DynamicMapHolder, Root['TenantOwner'])"/>
                <variable name="globalId" datatype="STRING" value="Root['global_id']"/>
                <variable name="vAssetTag" datatype="STRING" value="AMPush.uCase(Root['name'])"/>
                <target_mapping datatype="INTEGER" name="lTenantId" ignore-on-null="true" is-valid="AMPush.ENABLE_PUSH_MT" value="vTenantId"/>
                <target_mapping name="AssetTag" datatype="STRING" value="vAssetTag"/>
                <target_mapping name="Label" datatype="STRING" value="Root['name']"/>
                <target_mapping name="Status" datatype="STRING" ignore-on-null="true" value="Root['root_class']==AMPush.TYPE_BUSINESS_APPLICATION ? null : Root['service_state']"/>

                <target_entity name="PortfolioItem" type="'IS_amPortfolio'">
                    <target_mapping datatype="INTEGER" name="lTenantId" ignore-on-null="true" is-valid="AMPush.ENABLE_PUSH_MT" value="vTenantId"/>
                    <target_mapping name="CMDBId" datatype="STRING" value="globalId"/>
                    <target_entity name="Model" type="'IS_amModel'">
                        <target_mapping name="Name" datatype="STRING" value="Root['name']"/>
                        <target_entity name="Nature" type="'IS_amNature'">
                            <target_mapping name="Code" datatype="STRING" value="AMPush.getNatureCodeFromType(Root['root_class'])"/>
                            <target_mapping name="Name" datatype="STRING" value="AMPush.getNatureNameFromType(Root['root_class'])"/>
                            <target_mapping name="bSystem" datatype="BOOLEAN" value="true"/>
                            <target_mapping name="seBasis" datatype="INTEGER" value="1"/>
                            <target_mapping name="seMgtConstraint" datatype="INTEGER" value="2"/>
                            <target_mapping name="seOverflowTbl" datatype="INTEGER" value="3"/>
                        </target_entity>
                        <target_entity name="Parent" type="'IS_amModel-Parent'">
                            <target_mapping name="BarCode" datatype="STRING" value="AMPush.getParentBarCodeFromType(Root['root_class'])"/>
                        </target_entity>
                    </target_entity>
                </target_entity>
            </target_entity>
        </source_instance>
    </target_entities>
</integration>