<integration xmlns:xsi="http://www.w3.org/2001/XMLSchema-instance" xsi:noNamespaceSchemaLocation="../newGenericPush.xsd">
    <info>
        <source name="UCMDB" version="10.20" vendor="Micro Focus"/>
        <target name="AssetManager" version="9.41" vendor="Micro Focus"/>
    </info>
    <import>
        <scriptFile path="mappings.scripts.AMPush"/>
    </import>
    <target_entities>
        <!--Query: Business_Element =(RootLink_Node (type:managed_relationship) )=> Node -->
        <source_instance query-name="AM Business Element Relations Push*" root-element-name="RootLink_Node">
            <target_entity name="Client_Resource_Relationship" type="'RootLink_Node_amClientResource'">

                <variable name="end1Id" datatype="STRING" value="AMPush.getEnd1ExternalId(OutputCI.getExternalId())"/>
                <variable name="end2Id" datatype="STRING" value="AMPush.getEnd2ExternalId(OutputCI.getExternalId())"/>
                <!--after-mapping>Logger.debug('end1Id: ' + end1Id); Logger.debug('end2Id: '+end2Id); </after-mapping-->

                <target_entity name="Client" type="'RootLink_Node_amPortfolio-Client'">
                    <target_mapping name="lAstId" datatype="STRING" value="end1Id"/>
                </target_entity>

                <target_entity name="CRSystem" type="'RootLink_Node_amAsset-CRSystem'">
                    <target_mapping name="lAstId" datatype="STRING" value="end1Id"/>
                </target_entity>

                <target_entity name="CRType" type="'RootLink_Node_amCRType'">
                    <target_mapping name="bDefault" datatype="BOOLEAN" value="0"/>
                    <target_mapping name="bResourceUnicity" datatype="BOOLEAN" value="0"/>
                    <target_mapping name="Name" datatype="STRING" value="AMPush.uCase(RootLink_Node['root_class'])"/>
                    <target_mapping name="Code" datatype="STRING" value="AMPush.uCase(RootLink_Node['root_class'])"/>
                    <target_mapping name="seType" datatype="INTEGER" value="2"/>
                </target_entity>
                <target_entity name="Resource" type="'RootLink_Node_amPortfolio-Resource'">
                    <variable name="vNodeId" datatype="STRING" value="end2Id"/>
                </target_entity>
            </target_entity>
        </source_instance>

        <!--Query: Business_Element =(RooLinkt_Node_Comp (type:compound) )=> Node -->
        <source_instance query-name="AM Business Element Relations Push*" root-element-name="RootLink_Node_Comp">
            <target_entity name="Client_Resource_Relationship" type="'RootLink_Node_Comp_amClientResource'">
                <variable name="end1Id" datatype="STRING" value="AMPush.getEnd1ExternalId(OutputCI.getExternalId())"/>
                <variable name="end2Id" datatype="STRING" value="AMPush.getEnd2ExternalId(OutputCI.getExternalId())"/>
                <!--after-mapping>Logger.debug('end1Id: ' + end1Id); Logger.debug('end2Id: '+end2Id); </after-mapping-->
                <target_entity name="Client" type="'RootLink_Node_Comp_amPortfolio-Client'">
                    <target_mapping name="lAstId" datatype="STRING" value="end1Id"/>
                </target_entity>
                <target_entity name="CRSystem" type="'RootLink_Node_Comp_amCRSystem'">
                    <target_mapping name="lAstId" datatype="STRING" value="end1Id"/>
                </target_entity>
                <target_entity name="CRType" type="'RootLink_Node_Comp_amCRType'">
                    <target_mapping name="bDefault" datatype="BOOLEAN" value="0"/>
                    <target_mapping name="bResourceUnicity" datatype="BOOLEAN" value="0"/>
                    <target_mapping name="Name" datatype="STRING" value="'Compound Usage'"/>
                    <target_mapping name="Code" datatype="STRING" value="'COMPOUND'"/>
                    <target_mapping name="seType" datatype="INTEGER" value="2"/>
                </target_entity>
                <target_entity name="Resource" type="'RootLink_Node_Comp_amPortfolio-Resource'">
                    <variable name="vNodeId" datatype="STRING" value="end2Id"/>
                </target_entity>
            </target_entity>
        </source_instance>

        <!--  Business_Element =(RootLink_BE)=> Business_Element1-->
        <source_instance query-name="AM Business Element Relations Push*" root-element-name="RootLink_BE">
            <target_entity name="Client_Resource_Relationship" type="'RootLink_BE_amClientResource'">
                <variable name="end1Id" datatype="STRING" value="AMPush.getEnd1ExternalId(OutputCI.getExternalId())"/>
                <variable name="end2Id" datatype="STRING" value="AMPush.getEnd2ExternalId(OutputCI.getExternalId())"/>
                <!--after-mapping>Logger.debug('end1Id: ' + end1Id); Logger.debug('end2Id: '+end2Id); </after-mapping-->
                <target_entity name="Client" type="'RootLink_BE_amPortfolio-Client'">
                    <target_mapping name="lAstId" datatype="STRING" value="end1Id"/>
                </target_entity>
                <target_entity name="CRSystem" type="'RootLink_BE_amAsset-CRSystem'">
                    <target_mapping name="lAstId" datatype="STRING" value="end1Id"/>
                </target_entity>
                <target_entity name="CRType" type="'RootLink_BE_amCRType'">
                    <target_mapping name="bDefault" datatype="BOOLEAN" value="0"/>
                    <target_mapping name="bResourceUnicity" datatype="BOOLEAN" value="0"/>
                    <target_mapping name="Name" datatype="STRING" value="AMPush.uCase(RootLink_BE['root_class'])"/>
                    <target_mapping name="Code" datatype="STRING" value="AMPush.uCase(RootLink_BE['root_class'])"/>
                    <target_mapping name="seType" datatype="INTEGER" value="2"/>
                </target_entity>
                <target_entity name="Resource" type="'RootLink_BE_amPortfolio-Resource'">
                    <!-- We have the lAstId of the business element, therefore (unlike the connect-it scenario) we don't need the model in order to identify the business element -->
                    <target_mapping name="lAstId" datatype="STRING" value="end2Id"/>
                </target_entity>
            </target_entity>
        </source_instance>

        <!--  Business_Element =(RootLink_BE_Comp)=> Business_Element1-->
        <source_instance query-name="AM Business Element Relations Push*" root-element-name="RootLink_BE_Comp">
            <target_entity name="Client_Resource_Relationship" type="'RootLink_BE_Comp_amClientResource'">

                <variable name="end1Id" datatype="STRING" value="AMPush.getEnd1ExternalId(OutputCI.getExternalId())"/>
                <variable name="end2Id" datatype="STRING" value="AMPush.getEnd2ExternalId(OutputCI.getExternalId())"/>
                <!--after-mapping>Logger.debug('end1Id: ' + end1Id); Logger.debug('end2Id: '+end2Id); </after-mapping-->

                <target_entity name="Client" type="'RootLink_BE_Comp_amPortfolio-Client'">
                    <target_mapping name="lAstId" datatype="STRING" value="end1Id"/>
                </target_entity>

                <target_entity name="CRSystem" type="'RootLink_BE_Comp_amAsset-CRSystem'">
                    <target_mapping name="lAstId" datatype="STRING" value="end1Id"/>
                </target_entity>

                <target_entity name="CRType" type="'RootLink_BE_Comp_amCRType'">
                    <target_mapping name="bDefault" datatype="BOOLEAN" value="0"/>
                    <target_mapping name="bResourceUnicity" datatype="BOOLEAN" value="0"/>
                    <target_mapping name="Name" datatype="STRING" value="'Compound Usage'"/>
                    <target_mapping name="Code" datatype="STRING" value="'COMPOUND'"/>
                    <target_mapping name="seType" datatype="INTEGER" value="2"/>
                </target_entity>
                <!-- We have the lAstId of the business element, therefore (unlike the connect-it scenario) we don't need the model in order to identify the business element -->
                <target_entity name="Resource" type="'RootLink_BE_Comp_amPortfolio-Resource'">
                    <target_mapping name="lAstId" datatype="STRING" value="end2Id"/>
                </target_entity>
            </target_entity>
        </source_instance>

    </target_entities>
</integration>