<?xml version="1.0" encoding="UTF-8"?>
<integration xmlns:xsi="http://www.w3.org/2001/XMLSchema-instance" xsi:noNamespaceSchemaLocation="../../../../../../xsd/generic-adapter.xsd">
    <!-- add scheme reference -->
    <info>
        <source name="AM" version="9.41" vendor="Micro Focus"/>
        <target name="UCMDB" version="10.20" vendor="Micro Focus"/>
    </info>
    <import>
        <scriptFile path="mappings.scripts.AMPopulate"/>
    </import>
    <target_entities>
        <!-- Logical volumn data -->
        <source_instance query-name="AM Federation LogicalVolume_Node*" root-element-name="LogicalDrive">
            <target_entity name="LogicalVolume">
                <target_mapping datatype="STRING" name="name" value="LogicalDrive['MountPoint']"/>
                <target_mapping datatype="DOUBLE" name="logicalvolume_size" value="LogicalDrive['lTotalSizeMb']"/>
                <target_mapping datatype="STRING" name="logicalvolume_fstype" value="LogicalDrive['Media']"/>
                <target_mapping datatype="DOUBLE" name="logicalvolume_free" value="LogicalDrive['lFreeSpaceMb']"/>
            </target_entity>
            <target_entity name="Node">
                <target_mapping datatype="STRING" name="global_id" value="LogicalDrive.Computer[0].Portfolio[0]['CMDBId']"/>
            </target_entity>
        </source_instance>
    </target_entities>

</integration>