<?xml version="1.0" encoding="UTF-8"?>
<!-- edited with XMLSPY v5 rel. 3 U (http://www.xmlspy.com) by HP user (Mercury Interactive) -->
<Class class-name="amadapterprotocol" display-name="Asset Manager Protocol" description="Asset Manager Adapter Protocol">
    <Class-Qualifiers>
        <Class-Qualifier name="ProtocolDialog">
            <Data-Items>
                <Data-Item name="attr-class" type="string">com.hp.ucmdb.ui.discovery.domain.protocolparameter.amAdapter.AMAdapterParameterDialog</Data-Item>
            </Data-Items>
        </Class-Qualifier>
        <Class-Qualifier name="ProtocolFields">
            <Data-Items>
                <Data-Item name="HiddenColumns" type="string">protocol_timeout</Data-Item>
                <Data-Item name="VisibleColumns" type="string">protocol_index,user_label,genericprotocol_description,am_username,db_username,protocol_netaddress</Data-Item>
            </Data-Items>
        </Class-Qualifier>
        <Class-Qualifier name="ProtocolHelpTopic">
            <Data-Items>
                <Data-Item name="helpTopic" type="string">protocol_am</Data-Item>
            </Data-Items>
        </Class-Qualifier>
        <Class-Qualifier name="RANDOM_GENERATED_ID_CLASS"/>
    </Class-Qualifiers>
	<Class-Type>OBJECT</Class-Type>
	<Derived-From class-name="protocol"/>
	<Attributes>
		<Attribute name="genericprotocol_description" display-name="Description" description="" type="string" size="250">
			<Attribute-Qualifiers/>
		</Attribute>
	    <Attribute name="am_username" type="string" display-name="Asset Manager Username" description="Asset Manager Username" size="50">
            <Attribute-Qualifiers>
                <Attribute-Qualifier name="VISIBLE_IN_JAVA_ADAPTERS"/>
            </Attribute-Qualifiers>
		</Attribute>
		<Attribute name="am_password" type="bytes" display-name="Asset Manager Password" description="" size="50">
			<Attribute-Qualifiers>
				<Attribute-Qualifier name="ENCRYPTED_ATTRIBUTE"/>
                <Attribute-Qualifier name="VISIBLE_IN_JAVA_ADAPTERS"/>
			</Attribute-Qualifiers>
		</Attribute>
	    <Attribute name="db_username" type="string" display-name="DB Username" description="DB Username" size="50">
            <Attribute-Qualifiers>
                <Attribute-Qualifier name="VISIBLE_IN_JAVA_ADAPTERS"/>
            </Attribute-Qualifiers>
		</Attribute>
		<Attribute name="db_password" type="bytes" display-name="DB Password" description="" size="50">
			<Attribute-Qualifiers>
				<Attribute-Qualifier name="ENCRYPTED_ATTRIBUTE"/>
                <Attribute-Qualifier name="VISIBLE_IN_JAVA_ADAPTERS"/>
			</Attribute-Qualifiers>
		</Attribute>
	</Attributes>
	<Attribute-Overrides>
		<Attribute-Override name="protocol_port">
			<Attribute-Qualifiers>
				<Attribute-Qualifier name="HIDDEN_ATTRIBUTE"/>
			</Attribute-Qualifiers>
		</Attribute-Override>
		<Attribute-Override name="protocol_timeout">
			<Attribute-Qualifiers>
				<Attribute-Qualifier name="HIDDEN_ATTRIBUTE"/>
			</Attribute-Qualifiers>
		</Attribute-Override>
        <Attribute-Override name="protocol_password">
            <Attribute-Qualifiers>
                <Attribute-Qualifier name="HIDDEN_ATTRIBUTE"/>
            </Attribute-Qualifiers>
        </Attribute-Override>
        <Attribute-Override name="protocol_username">
            <Attribute-Qualifiers>
                <Attribute-Qualifier name="HIDDEN_ATTRIBUTE"/>
            </Attribute-Qualifiers>
        </Attribute-Override>
	</Attribute-Overrides>
</Class>
