<?xml version="1.0" encoding="UTF-8" standalone="yes"?>
<integration>
    <info>
        <source name="AM" version="9.41" vendor="Micro Focus"/>
        <target name="UCMDB" version="10.20" vendor="Micro Focus"/>
    </info>
    <import>
        <scriptFile path="mappings.scripts.AMPopulate"/>
    </import>
    <target_entities>
        <source_instance root-element-name="Asset" query-name="AM Asset Population*">
            <target_entity name="Root"
                           is-valid="AMPopulate.isValidNode(Asset.PortfolioItem[0]['seAssignment'], Asset.PortfolioItem[0]['dtRecCreation'], Asset.PortfolioItem[0].Computer[0]['LAST_SYNC_TIME'])"
                           is-deleted="AMPopulate.isDeletedNode(Asset.PortfolioItem[0]['seAssignment'], Asset.PortfolioItem[0]['dtRecCreation'], Asset.PortfolioItem[0].Computer[0]['LAST_SYNC_TIME'])">
                <target_mapping datatype="STRING" name="AM_PUSHBACK_ID" value="Asset['AM_PUSHBACK_ID']"/>
                <target_mapping datatype="STRING" name="global_id" value="Asset['GlobalId']"/>
                <target_mapping datatype="STRING" name="asset_tag" value="Asset['AssetTag']"/>
                <target_mapping datatype="STRING" name="description" value="Asset['SerialNo']"/>
                <target_mapping datatype="STRING" name="TenantOwner" is-valid="AMPopulate.ENABLE_POP_MT" value="AMPopulate.getOwnerTenant(Asset.Tenant[0]['Code'])"/>
            </target_entity>
        </source_instance>
    </target_entities>
</integration>