<?xml version="1.0" encoding="UTF-8"?>
<integration xmlns:xsi="http://www.w3.org/2001/XMLSchema-instance" xsi:noNamespaceSchemaLocation="../../../../../xsd/generic-adapter.xsd">
    <!-- add scheme reference -->
    <info>
        <source name="AM" version="9.41" vendor="Micro Focus"/>
        <target name="UCMDB" version="10.20" vendor="Micro Focus"/>
    </info>
    <import>
        <scriptFile path="mappings.scripts.AMPopulate"/>
    </import>
    <target_entities>
        <source_instance query-name="AM BusinessElement Population*" root-element-name="Asset_BusinessElement">
            <target_entity name="Root"
                           type="AMPopulate.getServiceClass(Asset_BusinessElement.Model[0].Nature[0]['Code'])"
                           is-deleted="AMPopulate.isDeletedBusinessElement(Asset_BusinessElement['Status'])">
                <target_mapping datatype="STRING" name="AM_PUSHBACK_ID" value="Asset_BusinessElement['AM_PUSHBACK_ID']"/>
                <target_mapping datatype="STRING" name="global_id" value="Asset_BusinessElement.PortfolioItem[0]['CMDBId']"/>
                <target_mapping datatype="STRING" name="name" value="Asset_BusinessElement['AssetTag']"/>
                <target_mapping datatype="STRING" name="description" value="Asset_BusinessElement['Description']"/>
                <target_mapping datatype="STRING" name="data_note" value="Asset_BusinessElement['Status']"/>
                <target_mapping datatype="STRING" name="TenantOwner" is-valid="AMPopulate.ENABLE_POP_MT" value="AMPopulate.getOwnerTenant(Asset_BusinessElement.Tenant[0]['Code'])"/>
            </target_entity>
            <target_entity name="Asset"
                           is-deleted="AMPopulate.isDeletedBusinessElement(Asset_BusinessElement['Status'])">
                <target_mapping datatype="STRING" name="assignment" value="AMPopulate.getAssignment(Asset_BusinessElement.PortfolioItem[0]['seAssignment'])"/>
                <target_mapping datatype="STRING" name="asset_tag" value="Asset_BusinessElement['AssetTag']"/>
                <target_mapping datatype="STRING" name="description" value="Asset_BusinessElement['Description']"/>
                <target_mapping datatype="STRING" name="TenantOwner" is-valid="AMPopulate.ENABLE_POP_MT" value="AMPopulate.getOwnerTenant(Asset_BusinessElement.Tenant[0]['Code'])"/>
            </target_entity>
        </source_instance>
    </target_entities>
</integration>