<?xml version="1.0" encoding="UTF-8" standalone="yes"?>
<integration>
    <info>
        <source name="AM" version="9.41" vendor="Micro Focus"/>
        <target name="UCMDB" version="10.20" vendor="Micro Focus"/>
    </info>
    <import>
        <scriptFile path="mappings.scripts.AMPopulate"/>
    </import>
    <target_entities>
        <source_instance root-element-name="Client_Resource_Relationship" query-name="AM BusinessElement Relations Population*">
            <!-- Client -->
            <target_entity name="BusinessElement"
                           is-valid="false == AMPopulate.isDeletedBusinessElement(Client_Resource_Relationship.CRSystem[0]['Status'])">
                <target_mapping datatype="STRING" name="global_id" value="Client_Resource_Relationship.CRSystem[0].PortfolioItem[0]['CMDBId']"/>
            </target_entity>


            <target_entity name="BusinessElement_1" is-valid="AMPopulate.isContainment(Client_Resource_Relationship.CRType[0]['Name'], Client_Resource_Relationship.Resource[0].Model[0].Nature[0]['bSystem'] == '1')">
                <target_mapping datatype="STRING" name="global_id" value="Client_Resource_Relationship.Resource[0]['CMDBId']"/>
            </target_entity>
            <target_entity name="RootLink_Containment_BE"
                           is-valid="AMPopulate.isContainment(Client_Resource_Relationship.CRType[0]['Name'], Client_Resource_Relationship.Resource[0].Model[0].Nature[0]['bSystem'] == '1')">
                <target_mapping datatype="STRING" name="name" value="Client_Resource_Relationship.Resource[0]['AssetTag']"/>
                <target_mapping datatype="STRING" name="data_note" value="AMPopulate.getCRState(Client_Resource_Relationship['seCRState'])"/>
            </target_entity>


            <target_entity name="BusinessElement_2" is-valid="AMPopulate.isUsage(Client_Resource_Relationship.CRType[0]['Name'], Client_Resource_Relationship.Resource[0].Model[0].Nature[0]['bSystem'] == '1')">
                <target_mapping datatype="STRING" name="global_id" value="Client_Resource_Relationship.Resource[0]['CMDBId']"/>
            </target_entity>
            <target_entity name="RootLink_Usage_BE"
                           is-valid="AMPopulate.isUsage(Client_Resource_Relationship.CRType[0]['Name'], Client_Resource_Relationship.Resource[0].Model[0].Nature[0]['bSystem'] == '1')">
                <target_mapping datatype="STRING" name="name" value="Client_Resource_Relationship.Resource[0]['AssetTag']"/>
                <target_mapping datatype="STRING" name="data_note" value="AMPopulate.getCRState(Client_Resource_Relationship['seCRState'])"/>
            </target_entity>


            <target_entity name="Node" is-valid="AMPopulate.isContainment(Client_Resource_Relationship.CRType[0]['Name'], Client_Resource_Relationship.Resource[0].Model[0].Nature[0]['bSystem'] == '0')">
                <target_mapping datatype="STRING" name="global_id" value="Client_Resource_Relationship.Resource[0]['CMDBId']"/>
            </target_entity>
            <target_entity name="RootLink_Containment_Node"
                           is-valid="AMPopulate.isContainment(Client_Resource_Relationship.CRType[0]['Name'], Client_Resource_Relationship.Resource[0].Model[0].Nature[0]['bSystem'] == '0')">
                <target_mapping datatype="STRING" name="name" value="Client_Resource_Relationship.Resource[0]['AssetTag']"/>
                <target_mapping datatype="STRING" name="data_note" value="AMPopulate.getCRState(Client_Resource_Relationship['seCRState'])"/>
            </target_entity>


            <target_entity name="Node_1" is-valid="AMPopulate.isUsage(Client_Resource_Relationship.CRType[0]['Name'], Client_Resource_Relationship.Resource[0].Model[0].Nature[0]['bSystem'] == '0')">
                <target_mapping datatype="STRING" name="global_id" value="Client_Resource_Relationship.Resource[0]['CMDBId']"/>
            </target_entity>
            <target_entity name="RootLink_Usage_Node"
                           is-valid="AMPopulate.isUsage(Client_Resource_Relationship.CRType[0]['Name'], Client_Resource_Relationship.Resource[0].Model[0].Nature[0]['bSystem'] == '0')">
                <target_mapping datatype="STRING" name="name" value="Client_Resource_Relationship.Resource[0]['AssetTag']"/>
                <target_mapping datatype="STRING" name="data_note" value="AMPopulate.getCRState(Client_Resource_Relationship['seCRState'])"/>
            </target_entity>
        </source_instance>
    </target_entities>
</integration>