<?xml version="1.0" encoding="UTF-8"?>
<integration xmlns:xsi="http://www.w3.org/2001/XMLSchema-instance" xsi:noNamespaceSchemaLocation="../../../../../xsd/generic-adapter.xsd">
    <!-- add scheme reference -->
    <info>
        <source name="AM" version="9.41" vendor="Micro Focus"/>
        <target name="UCMDB" version="10.20" vendor="Micro Focus"/>
    </info>
    <import>
        <scriptFile path="mappings.scripts.AMPopulate"/>
    </import>
    <target_entities>
        <source_instance query-name="AM Interface Population*" root-element-name="NetworkCard">
            <target_entity name="Root">
                <target_mapping datatype="STRING" name="AM_PUSHBACK_ID" value="NetworkCard['AM_PUSHBACK_ID']"/>
                <target_mapping datatype="STRING" name="global_id" value="NetworkCard['GlobalId']"/>
                <target_mapping datatype="STRING" name="mac_address" value="NetworkCard['PhysAddress']"/>
                <target_mapping datatype="STRING" name="interface_description" value="NetworkCard['Description']"/>
                <target_mapping datatype="STRING" name="TenantOwner" is-valid="AMPopulate.ENABLE_POP_MT" value="AMPopulate.getOwnerTenant(NetworkCard.Tenant[0]['Code'])"/>
            </target_entity>
            <target_entity name="IpAddress">
                <target_mapping datatype="STRING" name="name" value="NetworkCard['TcpIpAddress']"/>
                <target_mapping datatype="BOOLEAN" name="ip_isdhcp" value="AMPopulate.toBoolean(NetworkCard['bDHCPEnabled'])"/>
                <target_mapping datatype="STRING" name="ip_address" value="NetworkCard['TcpIpAddress']"/>
                <target_mapping datatype="STRING" name="ip_dhcpdomainname" value="NetworkCard['DHCPServer']"/>
                <target_mapping datatype="STRING" name="ip_address_value" value="AMPopulate.getIpAddressValue(NetworkCard['SubnetMask'], NetworkCard['TcpIpAddress'])" ignore-on-null="true"/>
                <target_mapping datatype="STRING" name="ip_address_property" value="AMPopulate.convertIpAddressProperty(NetworkCard['bDHCPEnabled'])" ignore-on-null="true"/>
                <target_mapping datatype="STRING" name="ip_netmask" value="NetworkCard['SubnetMask']"/>
                <target_mapping datatype="STRING" name="TenantOwner" is-valid="AMPopulate.ENABLE_POP_MT" value="AMPopulate.getOwnerTenant(NetworkCard.Tenant[0]['Code'])"/>
            </target_entity>
            <target_entity name="Node">
                <target_mapping datatype="STRING" name="global_id" value="NetworkCard.Computer[0].Portfolio[0]['CMDBId']"/>
            </target_entity>
        </source_instance>
    </target_entities>

</integration>