<?xml version="1.0" encoding="UTF-8"?>
<integration xmlns:xsi="http://www.w3.org/2001/XMLSchema-instance" xsi:noNamespaceSchemaLocation="../../../../../xsd/generic-adapter.xsd">
    <!-- add scheme reference -->
    <info>
        <source name="AM" version="9.41" vendor="Micro Focus"/>
        <target name="UCMDB" version="10.20" vendor="Micro Focus"/>
    </info>
    <import>
        <scriptFile path="mappings.scripts.AMPopulate"/>
    </import>
    <target_entities>
        <!--Location data -->
        <source_instance query-name="AM Location Population*" root-element-name="Location">
            <target_entity name="Root">
                <target_mapping datatype="STRING" name="AM_PUSHBACK_ID" value="Location['AM_PUSHBACK_ID']"/>
                <target_mapping datatype="STRING" name="global_id" value="Location['GlobalId']"/>
                <target_mapping datatype="STRING" name="location_bar_code" value="Location['BarCode']"/>
                <target_mapping datatype="STRING" name="location_type" value="AMPopulate.getLocationType(Location['LocationType'])"/>
                <target_mapping datatype="STRING" name="name" value="Location['FullName']"/>
                <target_mapping datatype="STRING" name="TenantOwner" is-valid="AMPopulate.ENABLE_POP_MT" value="AMPopulate.getOwnerTenant(Location.Tenant[0]['Code'])"/>
            </target_entity>
            <target_entity name="Location_Parent" is-valid="AMPopulate.isValidLocationParent(Location.Parent[0])">
                <target_mapping datatype="STRING" name="location_bar_code" value="Location.Parent[0]['BarCode']"/>
                <target_mapping datatype="STRING" name="location_type" value="AMPopulate.getLocationType(Location.Parent[0]['LocationType'])"/>
                <target_mapping datatype="STRING" name="name" value="Location.Parent[0]['FullName']"/>
                <target_mapping datatype="STRING" name="TenantOwner" is-valid="AMPopulate.ENABLE_POP_MT" value="AMPopulate.getOwnerTenant(Location.Tenant[0]['Code'])"/>
            </target_entity>
        </source_instance>
    </target_entities>

</integration>