<?xml version="1.0" encoding="UTF-8"?>
<integration xmlns:xsi="http://www.w3.org/2001/XMLSchema-instance" xsi:noNamespaceSchemaLocation="../../../../../xsd/generic-adapter.xsd">
    <!-- add scheme reference -->
    <info>
        <source name="AM" version="9.41" vendor="Micro Focus"/>
        <target name="UCMDB" version="10.20" vendor="Micro Focus"/>
    </info>
    <import>
        <scriptFile path="mappings.scripts.AMPopulate"/>
    </import>
    <target_entities>
        <!--Node, Location, Asset data -->
        <source_instance query-name="AM Node Population*" root-element-name="ITEquipment">
            <target_entity name="Root"
                           type="AMPopulate.getHostDataCI(AMPopulate.getNodeType(ITEquipment['VmType'], ITEquipment.Portfolio[0].Model[0].Nature[0]['Name'], ITEquipment.Portfolio[0].Model[0].Nature[0]['seComputerType'], ITEquipment['ComputerType']))"
                           is-valid="AMPopulate.isValidNode(ITEquipment.Portfolio[0]['seAssignment'], ITEquipment.Portfolio[0]['dtRecCreation'], ITEquipment['LAST_SYNC_TIME'])"
                           is-deleted="AMPopulate.isDeletedNode(ITEquipment.Portfolio[0]['seAssignment'], ITEquipment.Portfolio[0]['dtRecCreation'], ITEquipment['LAST_SYNC_TIME'])">
                <variable name="vComputerType" datatype="STRING" value="AMPopulate.getNodeType(ITEquipment['VmType'], ITEquipment.Portfolio[0].Model[0].Nature[0]['Name'], ITEquipment.Portfolio[0].Model[0].Nature[0]['seComputerType'], ITEquipment['ComputerType'])"/>
                <variable name="vNodeRole" datatype="STRING" value="AMPopulate.getNodeRole(vComputerType)"/>

                <target_mapping datatype="STRING" name="AM_PUSHBACK_ID" value="ITEquipment['AM_PUSHBACK_ID']"/>
                <target_mapping datatype="STRING" name="global_id" value="ITEquipment.Portfolio[0]['CMDBId']"/>

                <target_mapping datatype="STRING" name="display_label" value="ITEquipment['TcpIpHostName']"/>
                <target_mapping datatype="STRING" name="name" value="ITEquipment['TcpIpHostName']"/>
                <target_mapping datatype="DATE" name="last_modified_time" value="ITEquipment['dtLastModif']"/>
                <target_mapping datatype="DATE" name="create_time" value="ITEquipment.Portfolio[0]['dtRecCreation']"/>
                <target_mapping datatype="STRING" name="primary_dns_name" value="ITEquipment['TcpIpDomain']"/>
                <target_mapping datatype="STRING" name="serial_number" value="ITEquipment.Portfolio[0].Asset[0]['SerialNo']"/>
                <target_mapping datatype="STRING" name="description" value="ITEquipment.Portfolio[0].Asset[0]['Description']"/>
                <target_mapping datatype="STRING" name="node_model" value="ITEquipment.Portfolio[0].Model[0]['Name']"/>
                <target_mapping datatype="STRING" name="data_note" value="AMPopulate.getAssignment(ITEquipment.Portfolio[0]['seAssignment'])"/>
                <target_mapping datatype="STRING" name="discovered_os_name" value="ITEquipment['OperatingSystem']"/>
                <target_mapping datatype="STRING" name="discovered_os_version" value="ITEquipment['OSServiceLevel']"/>
                <target_mapping datatype="STRING" name="data_externalid" value="ITEquipment['lComputerId']"/>
                <target_mapping datatype="INTEGER" name="memory_size" value="ITEquipment['lMemorySizeMb']"/>
                <target_mapping datatype="BOOLEAN" name="host_isdesktop" value="AMPopulate.isDesktop(vComputerType)" ignore-on-null="true"/>
                <target_mapping datatype="BOOLEAN" name="host_isvirtual" value="AMPopulate.isVirtual(vComputerType)" ignore-on-null="true"/>
                <target_mapping datatype="STRING_LIST" name="node_role" value="AMPopulate.toStringList(vNodeRole)"/>
                <target_mapping datatype="STRING" name="TenantOwner" is-valid="AMPopulate.ENABLE_POP_MT" value="AMPopulate.getOwnerTenant(ITEquipment.Tenant[0]['Code'])"/>
            </target_entity>

            <!-- Example: build a mapping for an relationship
            <target_entity name="Composition_1">
                <target_mapping name="name" datatype="STRING" value="ITEquipment['lItemId'] + 'contains' + ITEquipment['lComputerId']"/>
            </target_entity>
            -->

            <target_entity name="Asset">
                <target_mapping datatype="STRING" name="global_id" value="ITEquipment.Portfolio[0].Asset[0]['GlobalId']"/>
                <target_mapping datatype="STRING" name="assignment" value="AMPopulate.getAssignment(ITEquipment.Portfolio[0]['seAssignment'])"/>
                <target_mapping datatype="STRING" name="asset_tag" value="ITEquipment.Portfolio[0].Asset[0]['AssetTag']"/>
                <target_mapping datatype="STRING" name="description" value="ITEquipment.Portfolio[0].Asset[0]['SerialNo']"/>
                <target_mapping datatype="STRING" name="TenantOwner" is-valid="AMPopulate.ENABLE_POP_MT" value="AMPopulate.getOwnerTenant(ITEquipment.Portfolio[0].Asset[0].Tenant[0]['Code'])"/>
            </target_entity>

            <target_entity name="Location_Room" is-valid="0 != ITEquipment.Portfolio[0].Location[0]['lLocaId']">
                <target_mapping datatype="STRING" name="name" value="ITEquipment.Portfolio[0].Location[0]['FullName']"/>
                <target_mapping datatype="STRING" name="location_bar_code" value="ITEquipment.Portfolio[0].Location[0]['BarCode']"/>
                <target_mapping datatype="STRING" name="location_type" value="AMPopulate.getLocationType(ITEquipment.Portfolio[0].Location[0]['LocationType'])"/>
                <target_mapping datatype="STRING" name="TenantOwner" is-valid="AMPopulate.ENABLE_POP_MT" value="AMPopulate.getOwnerTenant(ITEquipment.Portfolio[0].Location[0].Tenant[0]['Code'])"/>
            </target_entity>

        </source_instance>
    </target_entities>

</integration>