<?xml version="1.0" encoding="UTF-8"?>
<integration xmlns:xsi="http://www.w3.org/2001/XMLSchema-instance" xsi:noNamespaceSchemaLocation="../../../../../xsd/generic-adapter.xsd">
    <!-- add scheme reference -->
    <info>
        <source name="AM" version="9.41" vendor="Micro Focus"/>
        <target name="UCMDB" version="10.20" vendor="Micro Focus"/>
    </info>
    <import>
        <scriptFile path="mappings.scripts.AMPopulate"/>
    </import>
    <target_entities>
        <!--Printer data -->
        <source_instance query-name="AM Printer Population*" root-element-name="Portfolio_Printer">
            <target_entity name="Root" is-deleted="AMPopulate.isDeletedNode(Portfolio_Printer['seAssignment'], Portfolio_Printer['dtRecCreation'], Portfolio_Printer['LAST_SYNC_TIME'])">
                <target_mapping datatype="STRING" name="global_id" value="Portfolio_Printer['CMDBId']"/>
                <target_mapping datatype="STRING" name="AM_PUSHBACK_ID" value="Portfolio_Printer['AM_PUSHBACK_ID']"/>
                <target_mapping datatype="STRING" name="name" value="Portfolio_Printer.Model[0]['Name']"/>
                <target_mapping datatype="STRING" name="TenantOwner" is-valid="AMPopulate.ENABLE_POP_MT" value="AMPopulate.getOwnerTenant(Portfolio_Printer.Tenant[0]['Code'])"/>
            </target_entity>
            <target_entity name="Node">
                <target_mapping datatype="STRING" name="global_id" value="Portfolio_Printer.Parent[0].Computer[0].Portfolio[0]['CMDBId']"/>
            </target_entity>
        </source_instance>
    </target_entities>
</integration>