<?xml version="1.0" encoding="UTF-8"?>
<integration xmlns:xsi="http://www.w3.org/2001/XMLSchema-instance" xsi:noNamespaceSchemaLocation="../../../../../../xsd/generic-adapter.xsd">
    <!-- add scheme reference -->
    <info>
        <source name="AM" version="9.41" vendor="Micro Focus"/>
        <target name="UCMDB" version="10.20" vendor="Micro Focus"/>
    </info>
    <import>
        <scriptFile path="mappings.scripts.AMPopulate"/>
    </import>
    <target_entities>
        <!-- file system data -->
        <source_instance query-name="AM Federation FileSystem*" root-element-name="LogicalDrive">
            <target_entity name="FileSystem">
                <target_mapping datatype="STRING" name="name" value="LogicalDrive['Description']"/>
                <target_mapping datatype="STRING" name="mount_point" value="LogicalDrive['Description']"/>
                <target_mapping datatype="DOUBLE" name="disk_size" value="LogicalDrive['lTotalSizeMb']"/>
            </target_entity>
        </source_instance>
    </target_entities>

</integration>