<integration xmlns:xsi="http://www.w3.org/2001/XMLSchema-instance" xsi:noNamespaceSchemaLocation="http://schemas.hp.com/ucmdb/1/pushAdapter">
    <info>
        <source name="UCMDB" version="10.20" vendor="Micro Focus"/>
        <target name="AssetManager" version="9.41" vendor="Micro Focus"/>
    </info>
    <import>
        <scriptFile path="mappings.scripts.AMPush"/>
    </import>
    <target_entities>
        <source_instance query-name="AM Installed Software Normalized Push*" root-element-name="Root">
            <dynamic_mapping name="BarCodeByVersionId" keys-unique="true">
                <map_property property-name="AQLQuery" datatype="STRING" property-value="SELECT InventoryKey, ModelParent.BarCode FROM amInventModel WHERE (ModelParent.BarCode = 'BTO-OM-Non-Tier-Inst') OR (ModelParent.BarCode = 'BTO-OM-Tier-Inst')"/>
            </dynamic_mapping>
            <dynamic_mapping name="BarCodeByCategoryId" keys-unique="true">
                <map_property property-name="AQLQuery" datatype="STRING" property-value="SELECT UnspscKey, Model.BarCode FROM amProdClassCode WHERE lModelId &lt;&gt; 0"/>
            </dynamic_mapping>
            <dynamic_mapping name="TenantIdByCode" keys-unique="true">
                <map_property property-name="AQLQuery" datatype="STRING" property-value="SELECT Code, lTenantId FROM amTenant"/>
            </dynamic_mapping>

            <target_entity name="SoftwareInstallation" type="'SW_amSoftInstall'">
                <variable name="vTenantId" datatype="INTEGER" value="AMPush.getAMTenantID(DynamicMapHolder, Root['TenantOwner'])"/>
                <variable name="vGlobalId" datatype="STRING" value="Root['global_id']"/>
                <variable name="parentBarCode" datatype="STRING" value="AMPush.getSoftwareBarCode(DynamicMapHolder, Root['sai_version_id'], Root['software_category_id'])"/>
                <variable name="brandName" datatype="STRING" value="AMPush.getBrandName(Root['vendor'], Root['discovered_vendor'])"/>
                <variable name="vSWName" datatype="STRING" value="AMPush.getFirstNotEmpty(Root['dml_product_name'], Root['name'])"/>
                <variable name="vVersion" datatype="STRING" value="AMPush.fIsEmpty(Root['version']) ? '': Root['version']"/>

                <target_mapping name="lTenantId" datatype="INTEGER" ignore-on-null="true" is-valid="AMPush.ENABLE_PUSH_MT" value="vTenantId"/>
                <target_mapping name="GlobalId" datatype="STRING" is-valid="AMPush.isMatchVersion('9.32', null)" value="vGlobalId"/>
                <target_mapping name="bMissing" datatype="BOOLEAN" value="0"/>
                <target_mapping name="bCompact" datatype="BOOLEAN" value="1"/>
                <target_mapping name="bSuiteComponent" datatype="BOOLEAN" value="Root['is_suite_component']"/>
                <target_mapping name="dtInvent" datatype="DATE" value="Root.Node[0].InventoryScanner[0]['startup_time']"/>

                <!-- Usage and In Focus data -->
                <target_mapping name="dtLastUse" datatype="DATE" value="AMPush.getFirstNotEmpty(Root['usage_last_used'], Root['last_used_date'])"/>
                <target_mapping name="dtLastInFocus" datatype="DATE" value="Root['infocus_usage_last_used']"/>

                <target_mapping name="dPeakUtilization" datatype="DOUBLE" value="Root['usage_hours_last_year_daily_peak']"/>
                <target_mapping name="dPeakIFUtilization" datatype="DOUBLE" value="Root['infocus_usage_hours_last_year_daily_peak']"/>

                <target_mapping name="dUtilization" datatype="DOUBLE" value="Root['usage_percent']"/>
                <target_mapping name="dUtilizationIF" datatype="DOUBLE" value="Root['infocus_usage_percent']"/>

                <target_mapping name="dMonthlyIFUsageD" datatype="DOUBLE" value="Root['infocus_usage_days_last_month']"/>
                <target_mapping name="dMonthyIFUsageH" datatype="DOUBLE" value="Root['infocus_usage_hours_last_month']"/>
                <target_mapping name="dQuarterlyIFUsageD" datatype="DOUBLE" value="Root['infocus_usage_days_last_quarter']"/>
                <target_mapping name="dQuarterlyIFUsageH" datatype="DOUBLE" value="Root['infocus_usage_hours_last_quarter']"/>
                <target_mapping name="dYearlyIFUsageD" datatype="DOUBLE" value="Root['infocus_usage_days_last_year']"/>
                <target_mapping name="dYearlyIFUsageH" datatype="DOUBLE" value="Root['infocus_usage_hours_last_year']"/>

                <target_mapping name="dMonthlyUsageD" datatype="DOUBLE" value="Root['usage_days_last_month']"/>
                <target_mapping name="dMonthyUsageH" datatype="DOUBLE" value="Root['usage_hours_last_month']"/>
                <target_mapping name="dQuarterlyUsageD" datatype="DOUBLE" value="Root['usage_days_last_quarter']"/>
                <target_mapping name="dQuarterlyUsageH" datatype="DOUBLE" value="Root['usage_hours_last_quarter']"/>
                <target_mapping name="dYearlyUsageD" datatype="DOUBLE" value="Root['usage_days_last_year']"/>
                <target_mapping name="dYearlyUsageH" datatype="DOUBLE" value="Root['usage_hours_last_year']"/>

                <target_mapping name="Field1" datatype="STRING" value="vVersion"/>
                <target_mapping name="Folder" datatype="STRING" value="Root['file_system_path']"/>
                <target_mapping name="seType" datatype="INTEGER" value="0"/>
                <target_mapping name="TechnicalInfo" datatype="STRING" value="vSWName + '-' + vVersion"/>
                <target_mapping name="VersionLevel" datatype="STRING" value="vVersion"/>
                <!-- BDNA Start -->
                <target_mapping name="ServicePack" datatype="STRING" is-valid="AMPush.isReadyForBDNA()" value="Root['service_pack']"/>
                <!-- BDNA End -->
                <target_entity name="Model" type="'SW_amModel'">
                    <!-- BDNA Start -->
                    <target_mapping name="Component" datatype="STRING" is-valid="AMPush.isReadyForBDNA()" value="Root['component']"/>
                    <target_mapping name="Edition" datatype="STRING" is-valid="AMPush.isReadyForBDNA()" value="Root['edition']"/>
                    <target_mapping name="dEndOfLife" datatype="DATE" is-valid="AMPush.isReadyForBDNA()" value="Root['end_of_life_date']"/>
                    <target_mapping name="dObsolete" datatype="DATE" is-valid="AMPush.isReadyForBDNA()" value="Root['obsolete_date']"/>
                    <target_mapping name="RecognizedBy" datatype="STRING" is-valid="AMPush.isReadyForBDNA()" value="AMPush.getEnumValueByKey(ClassModel,Root['recognized_by'],'recognition_lib_enum')"/>
                    <target_mapping name="licenseType" datatype="STRING" is-valid="AMPush.isReadyForBDNA()" value="AMPush.getEnumValueByKey(ClassModel,Root['software_license_type'],'software_license_type_enum')"/>
                    <target_mapping name="BarCode" datatype="STRING" is-valid="AMPush.isReadyForBDNA()" value="Root['sai_version_id']"/>
                    <!-- BDNA End -->

                    <target_mapping name="bCompact" datatype="BOOLEAN" value="1"/>
                    <target_mapping name="Name" datatype="STRING" value="AMPush.toSmart(vSWName + ' ' + vVersion)"/>
                    <target_mapping name="VersionLevel" datatype="STRING" value="vVersion"/>
                    <target_entity name="Brand" type="'SW_amBrand'">
                        <target_mapping name="Name" datatype="STRING" value="brandName"/>
                    </target_entity>
                    <target_entity name="Nature" type="'SW_amNature'">
                        <target_mapping name="Code" datatype="STRING" value="'SOFT_INSTALL'"/>
                    </target_entity>
                    <target_entity name="Parent" type="'SW_amModel-Parent'">
                        <target_mapping name="BarCode" datatype="STRING" value="parentBarCode"/>
                    </target_entity>
                </target_entity>

                <target_entity name="PortfolioItem" type="'SW_comp_amPortfolio'">
                    <!-- CI['external_cmdb_id'] returns the String external id of the CI-->
                    <variable name="vCompId" datatype="STRING" value="AMPush.getAMPrimaryID(Root.Node[0]['external_id_obj'])"/>
                </target_entity>

            </target_entity>
        </source_instance>
    </target_entities>
</integration>