<integration xmlns:xsi="http://www.w3.org/2001/XMLSchema-instance" xsi:noNamespaceSchemaLocation="http://schemas.hp.com/ucmdb/1/pushAdapter">
    <info>
        <source name="UCMDB" version="10.20" vendor="Micro Focus"/>
        <target name="AssetManager" version="9.41" vendor="Micro Focus"/>
    </info>
    <import>
        <scriptFile path="mappings.scripts.AMPush"/>
    </import>
    <target_entities>
        <source_instance query-name="AM Oracle LMS Push*" root-element-name="Root">
            <dynamic_mapping name="TenantIdByCode" keys-unique="true">
                <map_property property-name="AQLQuery" datatype="STRING" property-value="SELECT Code, lTenantId FROM amTenant"/>
            </dynamic_mapping>
            <target_entity name="MonitoredApplication" type="'Oracle_amMonitoredApp'">
                <before-mapping>AMPush.setLog(Logger)</before-mapping>
		<before-mapping>AMPush.cleanOptionsUsageInfo()</before-mapping>
                <variable name="vTenantId" datatype="INTEGER" value="AMPush.getAMTenantID(DynamicMapHolder, Root['TenantOwner'])"/>
                <variable name="vOracleGlobalId" datatype="STRING" value="Root['global_id']"/>
                <variable name="vDatabaseRole" datatype="STRING" value="Root['database_role']"/>
                <variable name="vCsvData" datatype="BYTES" value="AMPush.validateCsvExists(AMPush.getPrimaryOptions(vDatabaseRole, Root.Doc[0]['document_content'], Root.OracleDataGuard[0].PRIMARY[0].Doc_PRIMARY[0]['document_content']), Root['external_id_obj'])"/>
                <variable name="vLMS_OVERVIEW" datatype="STRING" value="AMPush.getCsvFile(vCsvData, 'LMS_OVERVIEW')"/>
                <variable name="vLMS_DETAIL" datatype="STRING" value="AMPush.getCsvFile(vCsvData, 'LMS_DETAIL')"/>
                <variable name="vLMS_OPTIONS" datatype="STRING" value="AMPush.getCsvFile(vCsvData, 'LMS_OPTIONS')"/>
                <variable name="vSocketNumber" datatype="STRING" value="AMPush.getValueFromStringCsv(vLMS_OVERVIEW, 'SOCKETS_POPULATED_PHYS')"/>
                <variable name="vRawDbEdition" datatype="STRING" value="AMPush.getValueFromStringCsv(vLMS_OVERVIEW, 'DB_EDITION')"/>
                <variable name="vDbEdition" datatype="STRING" value="AMPush.getDdEdition(vSocketNumber, vRawDbEdition)"/>
                <variable name="vVersion" datatype="STRING" value="AMPush.getValueFromStringCsv(vLMS_OVERVIEW, 'VERSION')"/>
                <variable name="vOptionsList" datatype="STRING_LIST" value="AMPush.getOracleComponentList(vLMS_OPTIONS, 'OPTIONS_INSTALLED')"/>
                <variable name="vOptionsInUse" datatype="STRING_LIST" value="AMPush.getOracleComponentList(vLMS_OPTIONS, 'OPTIONS_IN_USE')"/>
                <variable name="vPacksList" datatype="STRING_LIST" value="AMPush.getOracleComponentList(vLMS_OPTIONS, 'PACKS_GRANTED')"/>
                <variable name="vPacksAgreed" datatype="STRING_LIST" value="AMPush.getOracleComponentList(vLMS_OPTIONS, 'PACKS_AGREED')"/>
                <variable name="installDate" datatype="STRING" value="AMPush.getValueFromStringCsv(vLMS_OVERVIEW, 'INSTALL_DATE')"/>

                <target_mapping name="lTenantId" datatype="INTEGER" ignore-on-null="true" is-valid="AMPush.ENABLE_PUSH_MT" value="vTenantId"/>
                <target_mapping name="lInstallId" datatype="STRING" value="AMPush.getSafeAMPrimaryID(Root.InstalledSoftware[0]['external_id_obj'])"/>
                <target_mapping name="GlobalId" datatype="STRING" is-valid="AMPush.isMatchVersion('9.32', null)" value="vOracleGlobalId"/>
                <target_mapping name="InstanceName" datatype="STRING" value="Root['name']"/>
                <target_mapping name="lUserCount" datatype="STRING" value="AMPush.getValueFromStringCsv(vLMS_DETAIL, 'USER_COUNT')"/>
                <target_mapping name="ServerInCluster" datatype="STRING" value="AMPush.getValueFromStringCsv(vLMS_OVERVIEW, 'SERVER_NAME_IN_THE_CLUSTER')"/>
                <!--target_mapping name="lUseCount" datatype="STRING" value="AMPush.getValueFromStringCsv(vLMS_OVERVIEW, 'USER_COUNT_DBA_USERS')"/-->
                <target_mapping name="lHighWaterMark" datatype="STRING" value="AMPush.getValueFromStringCsv(vLMS_OVERVIEW, 'INSTANCE_SESSIONS_HIGHWATER')"/>
                <target_mapping name="Version" datatype="STRING" value="AMPush.getValueFromStringCsv(vLMS_OVERVIEW, 'VERSION')"/>
                <target_mapping name="bMissing" datatype="BOOLEAN" value="0"/>
                <target_mapping name="Description" datatype="STRING" value="AMPush.getValueFromStringCsv(vLMS_DETAIL, 'BANNER')"/>
                <target_mapping name="dtCreate" datatype="DATE" value="Root['create_time']"/>
                <target_mapping name="dtLastAccess" datatype="DATE" value="Root['root_lastaccesstime']"/>
                <target_mapping name="dtLastModif" datatype="DATE" value="Root['last_modified_time']"/>
                <target_mapping name="dtStartUp" datatype="DATE" value="Root['startup_time']"/>
                <target_mapping name="Language" datatype="STRING" value="Root['language']"/>
                <target_mapping name="Folder" datatype="STRING" value="AMPush.filterStandbyOptions(vDatabaseRole, AMPush.getOracleFolder(vLMS_OVERVIEW))"/>
                <target_mapping name="Classification" datatype="STRING" value="'Database'"/>
                <target_mapping name="Role" datatype="STRING" value="vDatabaseRole"/>

                <target_entity name="Model" type="'MonitoredApp_amModel'">
                    <target_mapping name="bCompact" datatype="BOOLEAN" value="1"/>
                    <target_mapping name="Name" datatype="STRING" value="'Oracle Database ' + vDbEdition + ' Edition (Running)'"/>
                    <target_mapping name="BarCode" datatype="STRING" value="'SAM4ORA_DB_'+AMPush.getOracleEditionShortName(vDbEdition)+'_MON'"/>
                    <target_mapping name="VersionLevel" datatype="STRING" value="Root['version']"/>
                    <target_mapping name="ModelRef" datatype="STRING" value="'SAM4ORA_DB_'+AMPush.getOracleEditionShortName(vDbEdition)+'_MON'"/>
                    <target_mapping name="Prefix" datatype="STRING" value="'SAM4OR'"/>
                    <target_mapping name="Edition" datatype="STRING" value="vDbEdition"/>
                    <target_entity name="Brand" type="'MonitoredApp_Oracle_amBrand'">
                        <target_mapping name="Name" datatype="STRING" value="'Oracle'"/>
                    </target_entity>
                    <target_entity name="Nature" type="'MonitoredApp_amNature'">
                        <target_mapping name="Code" datatype="STRING" value="'SOFT_MONAPP'"/>
                    </target_entity>
                    <target_entity name="Parent" type="'MonitoredApp_amModel-Parent'">
                        <target_mapping name="BarCode" datatype="STRING" value="'SOFTMA'"/>
                    </target_entity>
                </target_entity>

                <target_entity name="MonParentPortfolio" type="'Mon_amPortfolio'">
                    <variable datatype="STRING" name="vCompId"
                              value="AMPush.getAMPrimaryID(Root.Node[0]['external_id_obj'])"/>
                </target_entity>

                <for-each-source-entity count-index="ind" source-entities="vOptionsList.size()">
                    <target_entity name="Components" type="'Oracle_amMonitoredSWComponent'">
                        <variable name="vOptionName" datatype="STRING" value="vOptionsList.get(ind)"/>
                        <variable name="vOptionGlobalId" datatype="STRING" value="vOracleGlobalId+vOptionName"/>
                        <target_mapping name="Description" datatype="STRING" value="Prop_LMS_options.get(vOptionName)"/>
                        <target_mapping name="seStatus" datatype="INTEGER" value="AMPush.getLMSOptionStatus(vOptionName, vOptionsInUse)"/>
                        <target_mapping name="GlobalId" datatype="STRING" is-valid="AMPush.isMatchVersion('9.32', null)" value="vOptionGlobalId"/>
                        <target_mapping name="dtCreate" datatype="DATE" value="Root['create_time']"/>
                        <target_mapping name="dtLastScan" datatype="DATE" value="Root['root_lastaccesstime']"/>
                        <target_mapping name="dtLastModif" datatype="DATE" value="Root['last_modified_time']"/>
                        <target_mapping name="dtFirstAccess"  datatype="DATE" is-valid="AMPush.isMatchVersion('9.60', '9.5.12.3')" value="AMPush.getOptionsFirstUsageTime(vOptionName)"/>
                        <target_mapping name="dtLastAccess" datatype="DATE" is-valid="AMPush.isMatchVersion('9.60', '9.5.12.3')" value="AMPush.getOptionsLastUsageTime(vOptionName)"/>
                        <target_mapping name="dtLastSample" datatype="DATE" is-valid="AMPush.isMatchVersion('9.60', '9.5.12.3')" value="AMPush.getOptionsLastSampleTime(vOptionName)"/>

                        <target_entity name="Model" type="'Oracle_SW_Component_amModel'">
                            <target_mapping name="Name" datatype="STRING" value="'Oracle DB option: '+Prop_LMS_options.get(vOptionName)+ ' (Running)'"/>
                            <target_mapping name="ModelRef" datatype="STRING" value="'SAM4ORA_OPT_' +vOptionName+'_MON'"/>
                            <target_mapping name="Prefix" datatype="STRING" value="'SAM4OR'"/>
                            <target_mapping name="VersionLevel" datatype="STRING" value="Root['version']"/>
                            <target_mapping name="BarCode" datatype="STRING" value="'SAM4ORA_OPT_' +vOptionName+'_MON'"/>
                            <target_entity name="Nature" type="'Oracle_SW_Component_amNature'">
                                <target_mapping name="Code" datatype="STRING" value="'SOFT_MONAPP'"/>
                            </target_entity>
                            <target_entity name="Parent" type="'Oracle_SW_Component_amModel-Parent'">
                                <target_mapping name="BarCode" datatype="STRING" value="'SOFTMA'"/>
                            </target_entity>
                            <target_entity name="Brand" type="'Oracle_SW_Component_amModel-amBrand'">
                                <target_mapping name="Name" datatype="STRING" value="'Oracle'"/>
                            </target_entity>
                        </target_entity>

                    </target_entity>
                </for-each-source-entity>
                <for-each-source-entity count-index="i" source-entities="vPacksList.size()">
                    <target_entity name="Components" type="'Oracle_amMonitoredSWComponent'">
                        <variable name="vPacksName" datatype="STRING" value="vPacksList.get(i)"/>
                        <variable name="vPacksGlobalId" datatype="STRING" value="vOracleGlobalId+vPacksName"/>
                        <target_mapping name="Description" datatype="STRING" value="Prop_LMS_options.get(vPacksName)"/>
                        <target_mapping name="seStatus" datatype="INTEGER" value="AMPush.getLMSPacksStatus(vPacksName, vPacksAgreed)"/>
                        <target_mapping name="GlobalId" datatype="STRING" value="vPacksGlobalId"/>
                        <target_mapping name="dtCreate" datatype="DATE" value="Root['create_time']"/>
                        <target_mapping name="dtLastScan" datatype="DATE" value="Root['root_lastaccesstime']"/>
                        <target_mapping name="dtLastModif" datatype="DATE" value="Root['last_modified_time']"/>
                        <target_mapping name="dtFirstAccess" datatype="DATE" is-valid="AMPush.isMatchVersion('9.60', '9.5.12.3')" value="AMPush.getOptionsFirstUsageTime(vPacksName)"/>
                        <target_mapping name="dtLastAccess" datatype="DATE" is-valid="AMPush.isMatchVersion('9.60', '9.5.12.3')" value="AMPush.getOptionsLastUsageTime(vPacksName)"/>
                        <target_mapping name="dtLastSample" datatype="DATE" is-valid="AMPush.isMatchVersion('9.60', '9.5.12.3')" value="AMPush.getOptionsLastSampleTime(vPacksName)"/>

                        <target_entity name="Model" type="'Oracle_SW_Component_amModel'">
                            <target_mapping name="Name" datatype="STRING" value="'Oracle Enterprise Management Pack: '+Prop_LMS_options.get(vPacksName)+ ' (Running)'"/>
                            <target_mapping name="ModelRef" datatype="STRING" value="'SAM4ORA_PACK_' +vPacksName+'_MON'"/>
                            <target_mapping name="Prefix" datatype="STRING" value="'SAM4OR'"/>
                            <target_mapping name="VersionLevel" datatype="STRING" value="Root['version']"/>
                            <target_mapping name="BarCode" datatype="STRING" value="'SAM4ORA_PACK_' +vPacksName+'_MON'"/>
                            <target_entity name="Nature" type="'Oracle_SW_Component_amNature'">
                                <target_mapping name="Code" datatype="STRING" value="'SOFT_MONAPP'"/>
                            </target_entity>
                            <target_entity name="Parent" type="'Oracle_SW_Component_amModel-Parent'">
                                <target_mapping name="BarCode" datatype="STRING" value="'SOFTMA'"/>
                            </target_entity>
                            <target_entity name="Brand" type="'Oracle_SW_Component_amModel-amBrand'">
                                <target_mapping name="Name" datatype="STRING" value="'Oracle'"/>
                            </target_entity>
                        </target_entity>

                    </target_entity>
                </for-each-source-entity>

            </target_entity>


        </source_instance>
    </target_entities>
</integration>

