<integration xmlns:xsi="http://www.w3.org/2001/XMLSchema-instance" xsi:noNamespaceSchemaLocation="http://schemas.hp.com/ucmdb/1/pushAdapter">
    <info>
        <source name="UCMDB" version="10.20" vendor="Micro Focus"/>
        <target name="AssetManager" version="9.41" vendor="Micro Focus"/>
    </info>
    <import>
        <scriptFile path="mappings.scripts.AMPush"/>
    </import>
    <target_entities>
        <source_instance query-name="AM Software Solaris Push*" root-element-name="Root">
            <dynamic_mapping name="TenantIdByCode" keys-unique="true">
                <map_property property-name="AQLQuery" datatype="STRING" property-value="SELECT Code, lTenantId FROM amTenant"/>
            </dynamic_mapping>

            <target_entity name="SoftwareInstallation" type="'soft_Solaris_amSoftInstall'">
                <variable name="vTenantId" datatype="INTEGER" value="AMPush.getAMTenantID(DynamicMapHolder, Root['TenantOwner'])"/>

                <target_mapping name="lTenantId" datatype="INTEGER" ignore-on-null="true" is-valid="AMPush.ENABLE_PUSH_MT" value="vTenantId"/>
                <target_mapping name="GlobalId" datatype="STRING" ignore-on-null="true" is-valid="AMPush.useGlobalId()" value="Root['global_id']"/>
                <target_mapping name="bCompact" datatype="BOOLEAN" value="1"/>
                <target_mapping name="seType" datatype="INTEGER" value="0"/>
                <target_mapping name="SoftOS" datatype="STRING" value="'Solaris'"/>

                <target_entity name="PortfolioItem" type="'Solaris_comp_amPortfolio'">
                    <variable name="vCompId" datatype="STRING" value="AMPush.getAMPrimaryID(Root.Host[0]['external_cmdb_id'])"/>
                    <!--after-mapping>Logger.debug('vCompId: ' + vCompId);</after-mapping-->
                </target_entity>

                <target_entity name="Model" type="'soft_Solaris_amModel'">
                    <target_mapping name="bCompact" datatype="BOOLEAN" value="1"/>
                    <target_mapping name="Name" datatype="STRING" value="'Solaris Zone'"/>
                    <target_entity name="Nature" type="'soft_Solaris_amNature'">
                        <target_mapping name="Code" datatype="STRING" value="'SOFT_INSTALL'"/>
                    </target_entity>
                    <target_entity name="Parent" type="'soft_Solaris_amModel-Parent'">
                        <target_mapping name="BarCode" datatype="STRING" value="AMPush.MODEL_SOFTWARE_INSTAL_AC50"/>
                    </target_entity>
                </target_entity>
            </target_entity>

        </source_instance>
    </target_entities>
</integration>