<asset-manager>
    <version from="9.41" to="9.7*">
        <!-- =========================================================================================================== -->
        <!--  Document about tags 'am-table', 'am-root-entity', 'attributes' and 'links'.  -->
        <!--  @ 'am-table' defines what AM tables you want to use in mapping UI tool. -->
        <!--  @ 'am-root-entity' defines what are the root nodes which can be displayed in mapping UI tool. -->
        <!--  @ 'attributes' is the AM table field filter, it is used to define how many AM table fields can be displayed. -->
        <!--  @ 'links' is the AM link filter, it is used to define how many AM links can be displayed. -->
        <!--  NOTE: these tags just to used as filters, they are not used to add new ones. the displayed AM table, fields and links must exist in AM database. -->
        <!-- =========================================================================================================== -->
        <am-tables>
            <am-table name="amAsset">
                <attributes>AssetTag,sMaxCnxCount,SerialNo,Description,Status</attributes>
                <links>Model,PortfolioItem,Tenant</links>
            </am-table>
            <am-table name="amBrand">
                <attributes>Name</attributes>
                <links></links>
            </am-table>
            <am-table name="amClientResource" icon-type="hostresource">
                <attributes></attributes>
                <links>Client,Resource,CRSystem,CRType,Tenant</links>
            </am-table>
            <am-table name="amCRType">
                <attributes>bDefault,bResourceUnicity,Code,Name,seType</attributes>
                <links>Tenant</links>
            </am-table>
            <am-table name="amCluster" icon-type="cluster">
                <attributes>Name,Description,seClusterLayer,seClusterType,seSoftTable,Technology</attributes>
                <links>PortfolioItem,Tenant</links>
            </am-table>
            <am-table name="amClusterComponent" icon-type="cluster">
                <attributes>bActived,seComponentRole</attributes>
                <links>Cluster,ComputerComponent,SoftRunningComponent,Tenant</links>
            </am-table>
            <am-table name="amCompany" icon-type="customer">
                <attributes>Name</attributes>
                <links>Tenant</links>
            </am-table>
            <am-table name="amComputer" icon-type="host">
                <attributes>lComputerId,dtLastModif,AssetTag,bGroup,BIOSAssetTag,bTcpIpRouting,ComputerDesc,ComputerType,CPUInternal,CPUType,dtHardScan,dtLastScan,dtNetworkScan,dtSoftScan,fCPUNumber,fMaxCpu,lCPUCoreNumber,lCPUSpeedMHz,lDiskSizeMb,lLogicalCPUNumber,lMaxMemory,lMemorySizeMb,lMinMemory,lNumSockets,lSwapSizeMb,Name,OperatingSystem,OSBuildNumber,OSServiceLevel,PhysicalAddress,ScannerDesc,ScannerVersion,TcpIpAddress,TcpIpDomain,TcpIpHostName,VmStatus,VmType,Workgroup</attributes>
                <links>ExtensionCards,LogicalDrives,NetworkCards,PhysicalDrives,Portfolio,Tenant</links>
            </am-table>
            <am-table name="amCountry" icon-type="location">
                <attributes>lCountryId,dtLastModif,ISOCode,Name,lIconId</attributes>
                <links>Locations</links>
            </am-table>
            <am-table name="amEmplDept" icon-type="customer">
                <attributes>UserDomain,UserName,Name,Title,MrMrs,FirstName</attributes>
                <links>Location,Parent,Tenant</links>
            </am-table>
            <am-table name="amExtensionCard" icon-type="hardware_board">
                <attributes>CardID,Name,Type</attributes>
                <links>Vendor,Tenant</links>
            </am-table>
            <am-table name="amInventModel">
                <attributes>Version,lModelTmpId</attributes>
                <links>ModelFinal,Tenant</links>
            </am-table>
            <am-table name="amLocation" icon-type="it_world">
                <attributes>BarCode,LocationType,FullName</attributes>
                <links>Parent,Tenant</links>
            </am-table>
            <am-table name="amLogicalDrive" icon-type="logical_volume">
                <attributes>Device,Label,lFreeSpaceMb,lTotalSizeMb,Media,MountPoint,Name,Type</attributes>
                <links>Computer,Tenant</links>
            </am-table>
            <am-table name="amModel">
                <attributes>BarCode,bCompact,CPUType,Edition,ModelRef,Name,Prefix,VersionLevel</attributes>
                <links>Brand,Comment,Nature,Parent,Tenant</links>
            </am-table>
            <am-table name="amMonSWComp">
                <attributes>dtLastModif,Description,dtCreate,dtLastScan,seStatus,GlobalId,dtFirstAccess,dtLastAccess,dtLastSample</attributes>
                <links>Model,Tenant</links>
            </am-table>
            <am-table name="amMonitor" icon-type="system">
                <attributes>SerialNumber</attributes>
                <links>PortfolioItem,Tenant</links>
            </am-table>
            <am-table name="amMonitoredApp" icon-type="app">
                <attributes>dtLastModif,bMissing,Classification,Description,dtCreate,dtLastAccess,dtStartUp,Folder,InstanceName,Language,lHighWaterMark,lUserCount,Role,ServerInCluster,Version,lInstallId,GlobalId</attributes>
                <links>MonParentPortfolio,Components,Model,Tenant</links>
            </am-table>
            <am-table name="amNature">
                <attributes>Code,Name,seBasis,seMgtConstraint,seOverflowTbl</attributes>
                <links></links>
            </am-table>
            <am-table name="amNetworkCard" icon-type="interface">
                <attributes>bDHCPEnabled,DefaultGateway,Description,DHCPServer,DNSSuffixes,IPv6Address,IPv6SubnetPrefix,lSeq,PhysAddress,PrimaryWINS,SecondaryWINS,SubnetMask,TcpIpAddress,Type</attributes>
                <links>Computer,Tenant</links>
            </am-table>
            <am-table name="amPhysicalDrive" icon-type="hostresource">
                <attributes>Description,lTotalSizeMb</attributes>
                <links>Computer,Tenant</links>
            </am-table>
            <am-table name="amPortfolio">
                <attributes>dtRecCreation,seAssignment,CMDBId</attributes>
                <links>AddOn,Asset,Computer,Model,Location,ResourceOfs,SoftInstall,Monitor,Parent,Tenant</links>
            </am-table>
            <am-table name="amSoftInstall" icon-type="software">
                <attributes>bCompact,bMissing,bSuiteComponent,dMonthlyUsageD,dMonthyUsageH,dQuarterlyUsageD,dQuarterlyUsageH,dtInvent,dtLastUse,dYearlyUsageD,dYearlyUsageH,Field1,Folder,GlobalId,lUseCount,seType,SoftOS,TechnicalInfo,VersionLevel,lModelId</attributes>
                <links>ParentPortfolio,Comment,InventModel,Model,PortfolioItem,User,Tenant</links>
            </am-table>
            <am-table name="amComment">
                <attributes>memComment</attributes>
                <links></links>
            </am-table>
            <am-table name="amTenant">
                <attributes>lTenantId,Name,Code</attributes>
                <links></links>
            </am-table>
            <am-table name="amResourcePool" icon-type="hostresource">
                <attributes>Code,GlobalId,Name,MaxCapability,NumInUsed,bDefault</attributes>
                <links>Host,ResourceType,Tenant</links> 
            </am-table>
            <am-table name="amResourceOption" icon-type="hostresource">
                <attributes>Code, Name</attributes>
                <links></links> 
            </am-table>   
            <am-table name="amRelVMPool" icon-type="hostresource">
                <attributes>lPoolId, lVMId</attributes>
                <links></links> 
            </am-table>			
			
        </am-tables>
        <am-entities>
            <!-- Entity is exposed as root class model in UCMDB -->
            <!-- The following root entity attributes and links inherit from AM table -->
            <!-- Example: If 'inherit-form-table' is true, an entity defines an attribute 'a' filter and the AM table defines an attribute 'b' -->
            <!-- The root class model node has attributes 'a' and 'b', the 'b' is inherited from AM table -->

            <am-root-entity name="ITEquipment"                     table="amComputer"            inherit-from-table="true" depth="5" />
            <am-root-entity name="Location"                        table="amLocation"            inherit-from-table="true"/>
            <am-root-entity name="NetworkCard"                     table="amNetworkCard"         inherit-from-table="true"/>
            <am-root-entity name="PhysicalDrive"                   table="amPhysicalDrive"       inherit-from-table="true"/>
            <am-root-entity name="SoftwareInstallation"            table="amSoftInstall"         inherit-from-table="true" depth="5" />
            <am-root-entity name="Asset_BusinessElement"           table="amAsset"               inherit-from-table="true"/>
            <am-root-entity name="Asset"                           table="amAsset"               inherit-from-table="true"/>
            <am-root-entity name="LogicalDrive"                    table="amLogicalDrive"        inherit-from-table="true"/>
            <am-root-entity name="Cluster"                         table="amCluster"             inherit-from-table="true"/>
            <am-root-entity name="ClusterComponent"                table="amClusterComponent"    inherit-from-table="true"/>
            <am-root-entity name="ExtensionCard"                   table="amExtensionCard"       inherit-from-table="true"/>
            <am-root-entity name="Monitor"                         table="amMonitor"             inherit-from-table="true"/>
            <am-root-entity name="MonitoredApplication"            table="amMonitoredApp"        inherit-from-table="true"/>
            <am-root-entity name="EmployeeDepartment"              table="amEmplDept"            inherit-from-table="true"/>
            <am-root-entity name="Portfolio"                       table="amPortfolio"           inherit-from-table="true"/>
            
            <am-root-entity name="Cluster_Component_Relationship"   table="amClusterComponent"    inherit-from-table="true"/>
            <am-root-entity name="Client_Resource_Relationship"     table="amClientResource"      inherit-from-table="true"/>
            <am-root-entity name="Computer_ResourcePool_Relations"  table="amRelVMPool"           inherit-from-table="true"/>
            <am-root-entity name="ResourcePool"                     table="amResourcePool"        inherit-from-table="true"/>

            <am-root-entity name="Portfolio_Printer" table="amPortfolio" icon-type="printer">
                <attributes></attributes>
                <links>Computer,Parent,Model</links>
            </am-root-entity>

        </am-entities>
    </version>
</asset-manager>