<asset-manager>
    <version from="9.41" to="9.7*">
        <!--
            Comments about am-population, more detail please refer the adapter document
            1. entity-name="ITEquipment": entity-name's value is from am-entity-config.xml, it is defined by am-root-entity.
            2. push-back-field: it defines a field of AM table that is used to save the UCMDB global id in the current entity population.
            3. query-condition: it is used to set the population query condition.
            4. delta-sync-date-field: it is used to configure the time field for delta query, it is 'AND' with 'query-condition' configuration.
        -->
        <am-populations>
            <am-population entity-name="ITEquipment">
                <push-back-field>Portfolio.CMDBId</push-back-field>
                <query-condition><![CDATA[ TcpIpHostName <> '' AND (TcpIpHostName IS NOT NULL) ]]></query-condition>
            </am-population>
            <am-population entity-name="NetworkCard">
                <query-condition><![CDATA[ Computer.TcpIpHostName <> '' AND (Computer.TcpIpHostName IS NOT NULL) AND (TcpIpAddress IS NOT NULL) AND (PhysAddress IS NOT NULL) AND (TcpIpAddress <> '') AND (PhysAddress <> '') ]]></query-condition>
            </am-population>
            <am-population entity-name="SoftwareInstallation">
                <query-condition><![CDATA[ lParentPortfolioId <> 0 AND ParentPortfolio.CMDBId IS NOT NULL AND ParentPortfolio.CMDBId <> '' AND ParentPortfolio.Computer.TcpIpHostName <> '' AND (ParentPortfolio.Computer.TcpIpHostName IS NOT NULL) ]]></query-condition>
            </am-population>
            <am-population entity-name="Portfolio_Printer">
                <push-back-field>CMDBId</push-back-field>
                <query-condition><![CDATA[ Model.Nature.Code = 'PRN' AND lParentId <> 0 ]]></query-condition>
            </am-population>
            <am-population entity-name="LogicalDrive">
                <query-condition><![CDATA[ Computer.TcpIpHostName <> '' AND (Computer.TcpIpHostName IS NOT NULL) ]]></query-condition>
            </am-population>
            <am-population entity-name="PhysicalDrive">
                <query-condition><![CDATA[ Computer.TcpIpHostName <> '' AND (Computer.TcpIpHostName IS NOT NULL) ]]></query-condition>
            </am-population>
            <am-population entity-name="Asset_BusinessElement">
                <push-back-field>PortfolioItem.CMDBId</push-back-field>
                <query-condition><![CDATA[ PortfolioItem.Model.Nature.bSystem = 1 ]]></query-condition>
            </am-population>
            <am-population entity-name="Asset">
                <query-condition><![CDATA[ PortfolioItem.Model.Nature.OverflowTbl = 'amComputer' ]]></query-condition>
            </am-population>
            <am-population entity-name="Client_Resource_Relationship">
                <query-condition><![CDATA[ CRSystem.lAstId <> 0 AND CRSystem.Model.Nature.bSystem = 1 ]]></query-condition>
            </am-population>
        </am-populations>
        <supported-federation-queries>
            <tql-query name="AM Federation InstalledSoftware_Node 2.0"/>
            <tql-query name="AM Federation InstalledSoftware 2.0"/>
            <tql-query name="AM Federation Cpu_Node 2.0"/>
            <tql-query name="AM Federation Cpu 2.0"/>
            <tql-query name="AM Federation Printer_Node 2.0"/>
            <tql-query name="AM Federation Printer 2.0"/>
            <tql-query name="AM Federation LogicalVolume_Node 2.0"/>
            <tql-query name="AM Federation LogicalVolume 2.0"/>
            <tql-query name="AM Federation FileSystem_Node 2.0"/>
            <tql-query name="AM Federation FileSystem 2.0"/>
            <tql-query name="AM Federation DiskDevice_Node 2.0"/>
            <tql-query name="AM Federation DiskDevice 2.0"/>
        </supported-federation-queries>
        <supported-population-queries enable="true">
            <tql-query name="AM Location Population 2.0"/>
            <tql-query name="AM Asset Population 2.0"/>
            <tql-query name="AM Node Population 2.0"/>
            <tql-query name="AM Interface Population 2.0"/>
            <tql-query name="AM Printer Population 2.0"/>
            <tql-query name="AM BusinessElement Population 2.0"/>
            <tql-query name="AM BusinessElement Relations Population 2.0"/>
        </supported-population-queries>
    </version>
</asset-manager>