<?xml version="1.0" encoding="UTF-8"?>
<integration xmlns:xsi="http://www.w3.org/2001/XMLSchema-instance" xsi:noNamespaceSchemaLocation="../../../../../../xsd/generic-adapter.xsd">
    <!-- add scheme reference -->
    <info>
        <source name="AM" version="9.41" vendor="Micro Focus"/>
        <target name="UCMDB" version="10.20" vendor="Micro Focus"/>
    </info>
    <import>
        <scriptFile path="mappings.scripts.AMPopulate"/>
    </import>
    <target_entities>
        <!--Installed Software data -->
        <source_instance query-name="AM Federation InstalledSoftware *" root-element-name="SoftwareInstallation">
            <target_entity name="InstalledSoftware">
                <target_mapping datatype="STRING" name="name" value="SoftwareInstallation.Model[0]['Name']"/>
                <target_mapping datatype="STRING" name="file_system_path" value="SoftwareInstallation['Folder']"/>
                <target_mapping datatype="STRING" name="version" value="SoftwareInstallation['VersionLevel']" ignore-on-null="true"/>
                <target_mapping datatype="STRING" name="vendor" value="SoftwareInstallation.Model[0].Brand[0]['Name']" ignore-on-null="true"/>
                <target_mapping datatype="STRING" name="description" value="SoftwareInstallation.Comment[0]['memComment']" ignore-on-null="true"/>
            </target_entity>
        </source_instance>
    </target_entities>

</integration>