<pattern xmlns:xsi="http://www.w3.org/2001/XMLSchema-instance" id="AMGenericAdapter" xsi:noNamespaceSchemaLocation="Patterns.xsd" description="This adapter pushes/populates data between UCMDB and Asset Manager.&amp;#10;Follow the Quick Start guide supplied with the AM Generic Adapter documentation before creating this integration point." schemaVersion="9.0" displayName="AMGenericAdapter">
    <deletable>true</deletable>
    <discoveredClasses>
        <discoveredClass>link</discoveredClass>
        <discoveredClass>object</discoveredClass>
    </discoveredClasses>
    <taskInfo className="com.hp.ucmdb.discovery.probe.services.dynamic.core.AdapterService">
        <params className="com.hp.ucmdb.discovery.probe.services.dynamic.core.AdapterServiceParams" enableAging="true" useDefaultValueForAging="false" enableDebugging="false" enableRecording="false" autoDeleteOnErrors="success" recordResult="false" maxThreads="1" patternType="java_adapter" maxThreadRuntime="36000000" enableClassModelTransformation="false" ignoreMissingReconciliationRules="true">
            <className>com.hp.ucmdb.adapters.GenericAdapter</className>
        </params>
        <destinationInfo className="com.hp.ucmdb.discovery.probe.tasks.BaseDestinationData">
            <destinationData name="adapterId" description="">${ADAPTER.adapter_id}</destinationData>
            <destinationData name="attributeValues" description="">${SOURCE.attribute_values}</destinationData>
            <destinationData name="credentialsId" description="">${SOURCE.credentials_id:FED#_NA}</destinationData>
            <destinationData name="destinationId" description="">${SOURCE.destination_id}</destinationData>
        </destinationInfo>
        <resultMechanism isEnabled="true">
            <autoDeleteCITs isEnabled="true">
                <CIT>asset</CIT>
                <CIT>business_element</CIT>
                <CIT>interface</CIT>
                <CIT>ip_address</CIT>
                <CIT>link</CIT>
                <CIT>node</CIT>
                <CIT>object</CIT>
            </autoDeleteCITs>
            <automaticTouch isEnabled="true"/>
        </resultMechanism>
    </taskInfo>
    <adapterInfo>
        <adapter-capabilities>
            <support-federated-query>
                <supported-classes>
                    <supported-class is-derived="true" all-attributes-supported="true" name="node" is-reconciliation-supported="true"/>
                    <supported-class is-derived="true" all-attributes-supported="true" name="installed_software" is-reconciliation-supported="true"/>
                    <supported-class is-derived="true" all-attributes-supported="true" name="cpu" is-reconciliation-supported="true"/>
                    <supported-class is-derived="true" all-attributes-supported="true" name="disk_device" is-reconciliation-supported="true"/>
                    <supported-class is-derived="true" all-attributes-supported="true" name="file_system" is-reconciliation-supported="true"/>
                    <supported-class is-derived="true" all-attributes-supported="true" name="logical_volume" is-reconciliation-supported="true"/>
                    <supported-class is-derived="true" all-attributes-supported="true" name="printer" is-reconciliation-supported="true"/>
                </supported-classes>
            </support-federated-query>
            <support-replicatioin-data>
                <source>
                    <changes-source/>
                    <push-back-ids/>
                    <instance-based-data/>
                    <population-queries-resources-locator/>
                </source>
                <target>
                    <instance-based-data>true</instance-based-data>
                    <push-queries-resources-locator/>
                </target>
            </support-replicatioin-data>
            <general-resources-locator/>
        </adapter-capabilities>
        <queries/>
        <removedAttributes/>
        <full-population-days-interval>7</full-population-days-interval>
        <automatically-complete-reconciliation-info/>
        <adapter-settings>
            <adapter-setting name="PopulationConnector.class.name">com.hp.amadapter.AMPopulationAdapter</adapter-setting>
            <adapter-setting name="PushConnector.class.name">com.hp.amadapter.AMPushAdapter</adapter-setting>
            <adapter-setting name="ClassModelConnector.class.name">com.hp.amadapter.AMClassModelConnector</adapter-setting>
            <adapter-setting name="use.optimized.push">true</adapter-setting>
            <adapter-setting name="replication.chunk.size">4000</adapter-setting>
            <adapter-setting name="replication.chunk.root.limit">850</adapter-setting>
            <adapter-setting name="is.new.generic.push.adapter">true</adapter-setting>
            <adapter-setting name="parallel.thread.pool.size">8</adapter-setting>
            <adapter-setting name="mapping.size.fuse">100000</adapter-setting>
            <adapter-setting name="transaction.deadlock.max.retry.count">15</adapter-setting>
            <adapter-setting name="shared.class.loader.parent">amVersion</adapter-setting>
            <adapter-setting name="autocomplete.mode">NODES_ONLY</adapter-setting>
            <adapter-setting name="enable.classmodel.changes">false</adapter-setting>
            <adapter-setting name="enable.mapping.validation">false</adapter-setting>
            <adapter-setting name="dev.mode">false</adapter-setting>
            <adapter-setting name="am.api.proxy.client.retry.count">30</adapter-setting>
            <adapter-setting name="am.api.proxy.jvm.options">-Xms16m;-Xmx56m;</adapter-setting>
            <adapter-setting name="am.api.proxy.port.range">50000;51000</adapter-setting>
            <adapter-setting name="am.api.proxy.idle.seconds">300</adapter-setting>
            <adapter-setting name="am.ignore.error">true</adapter-setting>
            <adapter-setting name="am.pushbackid.ignore.error">false</adapter-setting>
            <adapter-setting name="am.reconnect.db.code">
                <!-- MSSQL -->
                SQLSTate: 08001; <!-- Can't connect to database, reused by database -->
                SQLSTate: 08S01; <!-- Communication connection broken -->
                SQLSTate: 01000; <!-- Connection read error -->
                <!-- ORA -->
                ORA-01033; <!-- ORACLE initialization or shutdown in progress -->
                ORA-03113; <!-- end-of-file on communication channel -->
                ORA-12543; <!-- TNS: destination host unreachable -->
                ORA-12541; <!-- TNS:No Listener -->
                ORA-12518; <!-- TNS: listener could not hand off client connection tips -->
                <!-- DB2 -->
                SQL30080N; <!-- A communication error reason-code occurred sending or receiving data from the remote database. -->
                SQL30081N; <!-- A communication error has been detected -->
            </adapter-setting>
        </adapter-settings>
    </adapterInfo>
    <inputClass>destination_config</inputClass>
    <protocols>
        <protocol>amadapterprotocol</protocol>
    </protocols>
    <adapterTemplates>
        <adapterTemplate name="AM Generic Adapter" description="Used for AM Generic Adapter" path="Asset Manager">
            <population-jobs>
                <data-acquisition-population-job>
                    <unit-id>AM Populate</unit-id>
                    <query-names>
                        <query-selection>
                            <query-name>AM Location Population 2.0</query-name>
                            <allow-deletion>false</allow-deletion>
                        </query-selection>
                        <query-selection>
                            <query-name>AM Asset Population 2.0</query-name>
                            <allow-deletion>false</allow-deletion>
                        </query-selection>
                        <query-selection>
                            <query-name>AM Node Population 2.0</query-name>
                            <allow-deletion>false</allow-deletion>
                        </query-selection>
                        <query-selection>
                            <query-name>AM Interface Population 2.0</query-name>
                            <allow-deletion>false</allow-deletion>
                        </query-selection>
                        <query-selection>
                            <query-name>AM BusinessElement Population 2.0</query-name>
                            <allow-deletion>false</allow-deletion>
                        </query-selection>
                        <query-selection>
                            <query-name>AM BusinessElement Relations Population 2.0</query-name>
                            <allow-deletion>false</allow-deletion>
                        </query-selection>
                        <query-selection>
                            <query-name>AM Printer Population 2.0</query-name>
                            <allow-deletion>false</allow-deletion>
                        </query-selection>
                    </query-names>
                    <allow-deletion>false</allow-deletion>
                </data-acquisition-population-job>
            </population-jobs>
            <destination-config destination-id="amJob">
                <adapter-id>AMGenericAdapter</adapter-id>
                <classes>
                    <class>node</class>
                    <class>installed_software</class>
                    <class>cpu</class>
                    <class>disk_device</class>
                    <class>file_system</class>
                    <class>logical_volume</class>
                    <class>printer</class>
                </classes>
                <type-values>
                    <type-value name="dbtype" type="string">MSSQL</type-value>
                    <type-value name="dbport" type="integer">1433</type-value>
                    <type-value name="amVersion" type="string">9.41</type-value>
                    <type-value name="enableParallel" type="string">False</type-value>
                </type-values>
            </destination-config>
            <push-jobs>
                <data-acquisition-push-job>
                    <unit-id>AM Push</unit-id>
                    <query-names>
                        <query-selection>
                            <query-name>AM Node Push 2.0</query-name>
                            <allow-deletion>true</allow-deletion>
                        </query-selection>
                        <query-selection>
                            <query-name>AM Business Element Push 2.0</query-name>
                            <allow-deletion>true</allow-deletion>
                        </query-selection>
                        <query-selection>
                            <query-name>AM Business Element Relations Push 2.0</query-name>
                            <allow-deletion>true</allow-deletion>
                        </query-selection>
                        <query-selection>
                            <query-name>AM Host Server And Running VM Relations Push 2.0</query-name>
                            <allow-deletion>true</allow-deletion>
                        </query-selection>
                        <query-selection>
                            <query-name>AM Host Server And Running Solaris VM Relations Push 2.0</query-name>
                            <allow-deletion>true</allow-deletion>
                        </query-selection>
                        <query-selection>
                            <query-name>AM Host Server And Running LPAR VM Relations Push 2.0</query-name>
                            <allow-deletion>true</allow-deletion>
                        </query-selection>
                        <query-selection>
                            <query-name>AM Computer Relations Push 2.0</query-name>
                            <allow-deletion>true</allow-deletion>
                        </query-selection>
                        <query-selection>
                            <query-name>AM Net Device Relations Push 2.0</query-name>
                            <allow-deletion>true</allow-deletion>
                        </query-selection>
                        <query-selection>
                            <query-name>AM Installed Software Push 2.0</query-name>
                            <allow-deletion>true</allow-deletion>
                        </query-selection>
                        <query-selection>
                            <query-name>AM Software Utilization Push 2.0</query-name>
                            <allow-deletion>true</allow-deletion>
                        </query-selection>
                        <query-selection>
                            <query-name>AM Software Hypervisor Push 2.0</query-name>
                            <allow-deletion>true</allow-deletion>
                        </query-selection>
                        <query-selection>
                            <query-name>AM Software Solaris Push 2.0</query-name>
                            <allow-deletion>true</allow-deletion>
                        </query-selection>
                        <query-selection>
                            <query-name>AM Oracle LMS Push 2.0</query-name>
                            <allow-deletion>true</allow-deletion>
                        </query-selection>
                        <query-selection>
                            <query-name>AM Resource Pool Push 2.0</query-name>
                            <allow-deletion>true</allow-deletion>
                        </query-selection>
                        <query-selection>
                            <query-name>AM Resource Pool Relations Push 2.0</query-name>
                            <allow-deletion>true</allow-deletion>
                        </query-selection>
                    </query-names>
                    <is-rmi>true</is-rmi>
                </data-acquisition-push-job>
            </push-jobs>
        </adapterTemplate>
    </adapterTemplates>
    <parameters>
        <!--
        <parameter name="samVersion"       display-name="SAM Version"                 type="string"  mandatory="false" order-index="19"  description="Remote SAM Version"></parameter>
        <parameter name="charsetName"      display-name="Charset Name"                type="string"  mandatory="false" order-index="20"  description="Charset Name"></parameter>
        <parameter name="pageSize"         display-name="AM Population Page Size"     type="integer" mandatory="false" order-index="18"  description="The AM query page size">1000</parameter> -->
        <!-- Enabled options for AM Generic Adapter -->
        <parameter name="host"             display-name="DB Hostname"                 type="string"  mandatory="true"  order-index="10"  description="The host name of the remote AM DB"></parameter>
        <parameter name="dbtype"           display-name="DB Type"                     type="string"  mandatory="true"  order-index="11"  description="The AM DB type"  valid-values="MSSQL;Oracle;DB2">MSSQL</parameter>
        <parameter name="dbDriver"         display-name="DB Driver (SQL Server DB Only)"                   type="string"  mandatory="false" order-index="12"  description="The AM DB driver">SQL Server</parameter>
        <parameter name="dbport"           display-name="DB Port"                     type="integer" mandatory="true"  order-index="13"  description="The db connection port">1433</parameter>
        <parameter name="dbname"           display-name="DB Schema Name"              type="string"  mandatory="true"  order-index="14"  description="The AM DB schema name"></parameter>
        <parameter name="dbowner"          display-name="DB Owner Name"               type="string"  mandatory="false" order-index="15"  description="The AM DB owner name"></parameter>
        <parameter name="credentialsId"    display-name="Credentials AM DB ID"        type="string"  mandatory="true"  order-index="16"  description="Special type of property, handled by UCMDB for credentials menu" />
        <parameter name="amVersion"        display-name="AM Version"                  type="string"  mandatory="true"  order-index="17"  description="Remote AM Version" valid-values="9.41;9.50;9.60;9.61;9.62;9.63;9.70;9.71">9.41</parameter>
        <parameter name="enablePushbackID" display-name="AM Population Push Back ID"  type="string"  mandatory="false" order-index="18"  description="The AM population push back ID enable option" valid-values="True;False">True</parameter>
        <parameter name="amConnOptions"    display-name="AM Other Connection Options" type="string"  mandatory="false" order-index="21"  description="Other Connection Options"/>
        <parameter name="parallelMode"     display-name="Parallel Push Mode"          type="string"  mandatory="false" order-index="19"  description="In order to improve performance set 'Parallel Push Mode' to Multiple Threads or Multiple Processes. In case of MSSQL Data Base, Asset Manager must be configured for multi-threading inserts before enabled. Please refer to the AM Tuning documentation before using this option." valid-values="Non-parallel;Multi-threading (Deprecated);Multi-processing">Non-parallel</parameter>
    </parameters>
    <collectDiscoveredByInfo>true</collectDiscoveredByInfo>
    <reportNullValues>true</reportNullValues>
    <integration isEnabled="true" isEnabled_cp10="false">
        <category>HP Software Products / Micro Focus Products</category>
    </integration>
    <alwaysAvailable>true</alwaysAvailable>
    <supportsIPv6>false</supportsIPv6>
    <RelatedDocument/>
    <isInitiateAgentConnection>false</isInitiateAgentConnection>
    <overrideDomain>${SOURCE.probe_name}</overrideDomain>
    <inputTQL>
        <resource:XmlResourceWrapper xmlns:resource="http://www.hp.com/ucmdb/1-0-0/ResourceDefinition" xmlns:ns4="http://www.hp.com/ucmdb/1-0-0/ViewDefinition" xmlns:ns3="http://www.hp.com/ucmdb/1-0-0/PolicyRuleDefinition" xmlns:tql="http://www.hp.com/ucmdb/1-0-0/TopologyQueryLanguage">
            <resource xsi:type="tql:Query" name="Input TQL" owner="Input TQL" is-live="true" priority="low" group-id="2">
                <tql:node class="adapter_config" name="ADAPTER" id="-11"/>
                <tql:node class="destination_config" name="SOURCE" id="-10"/>
                <tql:link from="SOURCE" to="ADAPTER" class="fcmdb_conf_aggregation" name="fcmdb_conf_aggregation" id="-12"/>
            </resource>
        </resource:XmlResourceWrapper>
    </inputTQL>
    <permissions/>
</pattern>