<?xml version="1.0" encoding="UTF-8" standalone="yes"?>
<resource:XmlResourceWrapper xmlns:ns4="http://www.hp.com/ucmdb/1-0-0/ViewDefinition" xmlns:ns3="http://www.hp.com/ucmdb/1-0-0/PolicyRuleDefinition" xmlns:resource="http://www.hp.com/ucmdb/1-0-0/ResourceDefinition" xmlns:tql="http://www.hp.com/ucmdb/1-0-0/TopologyQueryLanguage">
    <resource xsi:type="tql:Query" name="AM BusinessElement Population 2.0" xmlns:xsi="http://www.w3.org/2001/XMLSchema-instance">
        <tql:node class="business_element" name="Root" id="12">
            <tql:where>
                <tql:data-stores>
                    <tql:data-store>UCMDB</tql:data-store>
                </tql:data-stores>
                <tql:complex-types>
                    <tql:included-class-condition>
                        <tql:class>infrastructure_service</tql:class>
                        <tql:strict-class>true</tql:strict-class>
                    </tql:included-class-condition>
                    <tql:included-class-condition>
                        <tql:class>business_application</tql:class>
                        <tql:strict-class>true</tql:strict-class>
                    </tql:included-class-condition>
                    <tql:included-class-condition>
                        <tql:class>business_service</tql:class>
                        <tql:strict-class>true</tql:strict-class>
                    </tql:included-class-condition>
                    <tql:excluded-class-condition>
                        <tql:class>business_element</tql:class>
                        <tql:strict-class>true</tql:strict-class>
                    </tql:excluded-class-condition>
                </tql:complex-types>
                <tql:links>
                    <tql:link-ref name="Asset-Root" max-occurs="1"/>
                </tql:links>
            </tql:where>
            <tql:content>
                <tql:properties>
                    <tql:property name="data_note"/>
                    <tql:property name="description"/>
                    <tql:property name="name"/>
                    <tql:property name="global_id"/>
                </tql:properties>
            </tql:content>
        </tql:node>
        <tql:node class="asset" name="Asset" id="13">
            <tql:where>
                <tql:data-stores>
                    <tql:data-store>UCMDB</tql:data-store>
                </tql:data-stores>
                <tql:links>
                    <tql:link-ref name="Asset-Root" max-occurs="1"/>
                </tql:links>
            </tql:where>
            <tql:content>
                <tql:properties>
                    <tql:property name="assignment"/>
                    <tql:property name="description"/>
                    <tql:property name="asset_tag"/>
                </tql:properties>
            </tql:content>
        </tql:node>
        <tql:link from="Asset" to="Root" class="connection" name="Asset-Root" id="11"/>
    </resource>
    <resourceBundle>integration_tqls_bundle</resourceBundle>
</resource:XmlResourceWrapper>
