<?xml version="1.0" encoding="UTF-8" standalone="yes"?>
<resource:XmlResourceWrapper xmlns:ns4="http://www.hp.com/ucmdb/1-0-0/ViewDefinition" xmlns:ns3="http://www.hp.com/ucmdb/1-0-0/PolicyRuleDefinition" xmlns:resource="http://www.hp.com/ucmdb/1-0-0/ResourceDefinition" xmlns:tql="http://www.hp.com/ucmdb/1-0-0/TopologyQueryLanguage">
    <resource xsi:type="tql:Query" name="AM BusinessElement Relations Population 2.0" xmlns:xsi="http://www.w3.org/2001/XMLSchema-instance">
        <tql:node class="business_element" name="BusinessElement_1" id="17">
            <tql:where>
                <tql:data-stores>
                    <tql:data-store>UCMDB</tql:data-store>
                </tql:data-stores>
                <tql:complex-types>
                    <tql:included-class-condition>
                        <tql:class>infrastructure_service</tql:class>
                        <tql:strict-class>true</tql:strict-class>
                    </tql:included-class-condition>
                    <tql:included-class-condition>
                        <tql:class>business_application</tql:class>
                        <tql:strict-class>true</tql:strict-class>
                    </tql:included-class-condition>
                    <tql:included-class-condition>
                        <tql:class>business_service</tql:class>
                        <tql:strict-class>true</tql:strict-class>
                    </tql:included-class-condition>
                    <tql:excluded-class-condition>
                        <tql:class>business_element</tql:class>
                        <tql:strict-class>true</tql:strict-class>
                    </tql:excluded-class-condition>
                </tql:complex-types>
            </tql:where>
        </tql:node>
        <tql:node class="business_element" name="BusinessElement" id="16">
            <tql:where>
                <tql:data-stores>
                    <tql:data-store>UCMDB</tql:data-store>
                </tql:data-stores>
                <tql:complex-types>
                    <tql:included-class-condition>
                        <tql:class>infrastructure_service</tql:class>
                        <tql:strict-class>true</tql:strict-class>
                    </tql:included-class-condition>
                    <tql:included-class-condition>
                        <tql:class>business_application</tql:class>
                        <tql:strict-class>true</tql:strict-class>
                    </tql:included-class-condition>
                    <tql:included-class-condition>
                        <tql:class>business_service</tql:class>
                        <tql:strict-class>true</tql:strict-class>
                    </tql:included-class-condition>
                    <tql:excluded-class-condition>
                        <tql:class>business_element</tql:class>
                        <tql:strict-class>true</tql:strict-class>
                    </tql:excluded-class-condition>
                </tql:complex-types>
                <tql:links>
                    <tql:link-ref name="RootLink_Containment_BE" min-occurs="0"/>
                    <tql:link-ref name="RootLink_Usage_BE" min-occurs="0"/>
                    <tql:link-ref name="RootLink_Containment_Node" min-occurs="0"/>
                    <tql:link-ref name="RootLink_Usage_Node" min-occurs="0"/>
                </tql:links>
            </tql:where>
        </tql:node>
        <tql:node class="node" name="Node_1" id="19">
            <tql:where>
                <tql:data-stores>
                    <tql:data-store>UCMDB</tql:data-store>
                </tql:data-stores>
            </tql:where>
        </tql:node>
        <tql:node class="business_element" name="BusinessElement_2" id="18">
            <tql:where>
                <tql:data-stores>
                    <tql:data-store>UCMDB</tql:data-store>
                </tql:data-stores>
                <tql:complex-types>
                    <tql:included-class-condition>
                        <tql:class>infrastructure_service</tql:class>
                        <tql:strict-class>true</tql:strict-class>
                    </tql:included-class-condition>
                    <tql:included-class-condition>
                        <tql:class>business_application</tql:class>
                        <tql:strict-class>true</tql:strict-class>
                    </tql:included-class-condition>
                    <tql:included-class-condition>
                        <tql:class>business_service</tql:class>
                        <tql:strict-class>true</tql:strict-class>
                    </tql:included-class-condition>
                    <tql:excluded-class-condition>
                        <tql:class>business_element</tql:class>
                        <tql:strict-class>true</tql:strict-class>
                    </tql:excluded-class-condition>
                </tql:complex-types>
            </tql:where>
        </tql:node>
        <tql:node class="node" name="Node" id="15">
            <tql:where>
                <tql:data-stores>
                    <tql:data-store>UCMDB</tql:data-store>
                </tql:data-stores>
            </tql:where>
        </tql:node>
        <tql:link from="BusinessElement" to="Node_1" class="usage" name="RootLink_Usage_Node" id="11"/>
        <tql:link from="BusinessElement" to="BusinessElement_1" class="containment" name="RootLink_Containment_BE" id="12"/>
        <tql:link from="BusinessElement" to="BusinessElement_2" class="usage" name="RootLink_Usage_BE" id="13"/>
        <tql:link from="BusinessElement" to="Node" class="containment" name="RootLink_Containment_Node" id="14"/>
    </resource>
    <resourceBundle>integration_tqls_bundle</resourceBundle>
</resource:XmlResourceWrapper>
