<?xml version="1.0" encoding="UTF-8" standalone="yes"?>
<resource:XmlResourceWrapper xmlns:ns4="http://www.hp.com/ucmdb/1-0-0/ViewDefinition" xmlns:ns3="http://www.hp.com/ucmdb/1-0-0/PolicyRuleDefinition" xmlns:resource="http://www.hp.com/ucmdb/1-0-0/ResourceDefinition" xmlns:tql="http://www.hp.com/ucmdb/1-0-0/TopologyQueryLanguage">
    <resource xsi:type="tql:Query" name="AM Interface Population 2.0" xmlns:xsi="http://www.w3.org/2001/XMLSchema-instance">
        <tql:node class="ip_address" name="IpAddress" id="17">
            <tql:where>
                <tql:data-stores>
                    <tql:data-store>UCMDB</tql:data-store>
                </tql:data-stores>
            </tql:where>
            <tql:content>
                <tql:properties>
                    <tql:property name="ip_address_type"/>
                    <tql:property name="ip_address_property"/>
                    <tql:property name="ip_netaddr"/>
                    <tql:property name="name"/>
                    <tql:property name="ip_address_value"/>
                    <tql:property name="ip_netmask"/>
                </tql:properties>
            </tql:content>
        </tql:node>
        <tql:node class="interface" name="Root" id="11">
            <tql:where>
                <tql:data-stores>
                    <tql:data-store>UCMDB</tql:data-store>
                </tql:data-stores>
            </tql:where>
            <tql:content>
                <tql:properties>
                    <tql:property name="mac_address"/>
                </tql:properties>
            </tql:content>
        </tql:node>
        <tql:node class="node" name="Node" id="14">
            <tql:where>
                <tql:data-stores>
                    <tql:data-store>UCMDB</tql:data-store>
                </tql:data-stores>
                <tql:links>
                    <tql:link-ref name="Composition" min-occurs="0"/>
                    <tql:link-ref name="Containment" min-occurs="0"/>
                </tql:links>
            </tql:where>
            <tql:content>
                <tql:properties>
                    <tql:property name="data_note"/>
                    <tql:property name="node_role"/>
                    <tql:property name="discovered_os_name"/>
                    <tql:property name="discovered_os_version"/>
                    <tql:property name="name"/>
                    <tql:property name="primary_dns_name"/>
                    <tql:property name="global_id"/>
                    <tql:property name="serial_number"/>
                </tql:properties>
            </tql:content>
        </tql:node>
        <tql:link from="Node" to="Root" class="composition" name="Composition" id="19"/>
        <tql:link from="Node" to="IpAddress" class="containment" name="Containment" id="18"/>
    </resource>
    <resourceBundle>integration_tqls_bundle</resourceBundle>
</resource:XmlResourceWrapper>
