<?xml version="1.0" encoding="UTF-8" standalone="yes"?>
<resource:XmlResourceWrapper xmlns:ns4="http://www.hp.com/ucmdb/1-0-0/ViewDefinition" xmlns:ns3="http://www.hp.com/ucmdb/1-0-0/PolicyRuleDefinition" xmlns:resource="http://www.hp.com/ucmdb/1-0-0/ResourceDefinition" xmlns:tql="http://www.hp.com/ucmdb/1-0-0/TopologyQueryLanguage">
    <resource xsi:type="tql:Query" name="AM Location Population 2.0" xmlns:xsi="http://www.w3.org/2001/XMLSchema-instance">
        <tql:node class="location" name="Root" id="11">
            <tql:where>
                <tql:data-stores>
                    <tql:data-store>UCMDB</tql:data-store>
                </tql:data-stores>
                <tql:links>
                    <tql:link-ref name="Containment_Parent" min-occurs="0"/>
                </tql:links>
            </tql:where>
            <tql:content>
                <tql:properties>
                    <tql:property name="location_bar_code"/>
                    <tql:property name="location_type"/>
                    <tql:property name="name"/>
                </tql:properties>
            </tql:content>
        </tql:node>
        <tql:node class="location" name="Location_Parent" id="12">
            <tql:where>
                <tql:data-stores>
                    <tql:data-store>UCMDB</tql:data-store>
                </tql:data-stores>
            </tql:where>
            <tql:content>
                <tql:properties>
                    <tql:property name="location_bar_code"/>
                    <tql:property name="location_type"/>
                    <tql:property name="name"/>
                </tql:properties>
            </tql:content>
        </tql:node>
        <tql:link from="Location_Parent" to="Root" class="containment" name="Containment_Parent" id="13"/>
    </resource>
    <resourceBundle>integration_tqls_bundle</resourceBundle>
</resource:XmlResourceWrapper>
