<?xml version="1.0" encoding="UTF-8" standalone="yes"?>
<resource:XmlResourceWrapper xmlns:ns4="http://www.hp.com/ucmdb/1-0-0/ViewDefinition" xmlns:ns3="http://www.hp.com/ucmdb/1-0-0/PolicyRuleDefinition" xmlns:resource="http://www.hp.com/ucmdb/1-0-0/ResourceDefinition" xmlns:tql="http://www.hp.com/ucmdb/1-0-0/TopologyQueryLanguage">
    <resource xsi:type="tql:Query" name="AM Node Population 2.0" xmlns:xsi="http://www.w3.org/2001/XMLSchema-instance">
        <tql:node class="node" name="Root" id="13">
            <tql:where>
                <tql:data-stores>
                    <tql:data-store>UCMDB</tql:data-store>
                </tql:data-stores>
                <tql:links>
                    <tql:link-ref name="Connection_Asset" max-occurs="1"/>
                    <tql:link-ref name="Membership" min-occurs="0" max-occurs="1"/>
                </tql:links>
            </tql:where>
            <tql:content>
                <tql:properties>
                    <tql:property name="data_note"/>
                    <tql:property name="node_role"/>
                    <tql:property name="discovered_os_name"/>
                    <tql:property name="discovered_os_version"/>
                    <tql:property name="name"/>
                    <tql:property name="primary_dns_name"/>
                    <tql:property name="memory_size"/>
                    <tql:property name="global_id"/>
                    <tql:property name="os_family"/>
                    <tql:property name="serial_number"/>
                </tql:properties>
            </tql:content>
        </tql:node>
        <tql:node class="asset" name="Asset" id="14">
            <tql:where>
                <tql:data-stores>
                    <tql:data-store>UCMDB</tql:data-store>
                </tql:data-stores>
                <tql:links>
                    <tql:link-ref name="Connection_Asset" max-occurs="1"/>
                </tql:links>
            </tql:where>
            <tql:content>
                <tql:properties>
                    <tql:property name="assignment"/>
                    <tql:property name="description"/>
                    <tql:property name="asset_tag"/>
                </tql:properties>
            </tql:content>
        </tql:node>
        <tql:node class="location" name="Location_Room" id="15">
            <tql:where>
                <tql:data-stores>
                    <tql:data-store>UCMDB</tql:data-store>
                </tql:data-stores>
            </tql:where>
            <tql:content>
                <tql:properties>
                    <tql:property name="location_bar_code"/>
                    <tql:property name="location_type"/>
                    <tql:property name="name"/>
                </tql:properties>
            </tql:content>
        </tql:node>
        <tql:link from="Asset" to="Root" class="connection" name="Connection_Asset" id="11"/>
        <tql:link from="Location_Room" to="Root" class="membership" name="Membership" id="12"/>
    </resource>
    <resourceBundle>integration_tqls_bundle</resourceBundle>
</resource:XmlResourceWrapper>
