<?xml version="1.0" encoding="UTF-8"?>
<integration xmlns:xsi="http://www.w3.org/2001/XMLSchema-instance" xsi:noNamespaceSchemaLocation="../../../../../../xsd/generic-adapter.xsd">
    <!-- add scheme reference -->
    <info>
        <source name="AM" version="9.41" vendor="Micro Focus"/>
        <target name="UCMDB" version="10.20" vendor="Micro Focus"/>
    </info>
    <import>
        <scriptFile path="mappings.scripts.AMPopulate"/>
    </import>
    <target_entities>
        <!-- Physical disk data -->
        <source_instance query-name="AM Federation DiskDevice_Node*" root-element-name="PhysicalDrive">
            <target_entity name="DiskDevice">
                <target_mapping datatype="STRING" name="name" value="PhysicalDrive['Description']"/>
            </target_entity>
            <target_entity name="Node">
                <target_mapping datatype="STRING" name="global_id" value="PhysicalDrive.Computer[0].Portfolio[0]['CMDBId']"/>
            </target_entity>
        </source_instance>
    </target_entities>

</integration>